product_id,category,sub_category,product_name
PR-200000,Office Supplies,Paper,Paper Model 241
PR-200001,Furniture,Tables,Tables Model 198
PR-200002,Furniture,Bookcases,Bookcases Model 281
PR-200003,Office Supplies,Paper,Paper Model 358
PR-200004,Furniture,Chairs,Chairs Model 288
PR-200005,Furniture,Furnishings,Furnishings Model 305
PR-200006,Technology,Copiers,Copiers Model 762
PR-200007,Office Supplies,Storage,Storage Model 447
PR-200008,Furniture,Chairs,Chairs Model 636
PR-200009,Furniture,Chairs,Chairs Model 720
PR-200010,Technology,Phones,Phones Model 799
PR-200011,Furniture,Chairs,Chairs Model 272
PR-200012,Technology,Phones,Phones Model 104
PR-200013,Furniture,Furnishings,Furnishings Model 413
PR-200014,Technology,Copiers,Copiers Model 979
PR-200015,Technology,Accessories,Accessories Model 293
PR-200016,Office Supplies,Appliances,Appliances Model 610
PR-200017,Technology,Accessories,Accessories Model 453
PR-200018,Technology,Accessories,Accessories Model 714
PR-200019,Furniture,Tables,Tables Model 551
PR-200020,Office Supplies,Art,Art Model 619
PR-200021,Technology,Machines,Machines Model 131
PR-200022,Office Supplies,Storage,Storage Model 650
PR-200023,Technology,Copiers,Copiers Model 398
PR-200024,Technology,Copiers,Copiers Model 799
PR-200025,Technology,Accessories,Accessories Model 202
PR-200026,Furniture,Tables,Tables Model 717
PR-200027,Technology,Copiers,Copiers Model 565
PR-200028,Office Supplies,Appliances,Appliances Model 951
PR-200029,Furniture,Furnishings,Furnishings Model 219
PR-200030,Office Supplies,Appliances,Appliances Model 167
PR-200031,Furniture,Tables,Tables Model 474
PR-200032,Technology,Accessories,Accessories Model 937
PR-200033,Furniture,Tables,Tables Model 913
PR-200034,Furniture,Chairs,Chairs Model 466
PR-200035,Technology,Machines,Machines Model 930
PR-200036,Office Supplies,Appliances,Appliances Model 201
PR-200037,Office Supplies,Storage,Storage Model 779
PR-200038,Office Supplies,Binders,Binders Model 639
PR-200039,Office Supplies,Appliances,Appliances Model 819
PR-200040,Office Supplies,Appliances,Appliances Model 503
PR-200041,Office Supplies,Art,Art Model 389
PR-200042,Furniture,Tables,Tables Model 558
PR-200043,Technology,Copiers,Copiers Model 741
PR-200044,Furniture,Furnishings,Furnishings Model 545
PR-200045,Furniture,Chairs,Chairs Model 602
PR-200046,Technology,Machines,Machines Model 206
PR-200047,Furniture,Furnishings,Furnishings Model 724
PR-200048,Furniture,Bookcases,Bookcases Model 609
PR-200049,Furniture,Chairs,Chairs Model 640
PR-200050,Technology,Accessories,Accessories Model 191
PR-200051,Furniture,Tables,Tables Model 756
PR-200052,Furniture,Chairs,Chairs Model 647
PR-200053,Technology,Phones,Phones Model 410
PR-200054,Furniture,Tables,Tables Model 460
PR-200055,Office Supplies,Storage,Storage Model 943
PR-200056,Office Supplies,Paper,Paper Model 856
PR-200057,Office Supplies,Appliances,Appliances Model 969
PR-200058,Technology,Copiers,Copiers Model 797
PR-200059,Office Supplies,Storage,Storage Model 319
PR-200060,Technology,Machines,Machines Model 290
PR-200061,Technology,Copiers,Copiers Model 174
PR-200062,Office Supplies,Art,Art Model 607
PR-200063,Technology,Phones,Phones Model 146
PR-200064,Furniture,Tables,Tables Model 805
PR-200065,Technology,Copiers,Copiers Model 104
PR-200066,Technology,Copiers,Copiers Model 281
PR-200067,Furniture,Tables,Tables Model 480
PR-200068,Furniture,Chairs,Chairs Model 259
PR-200069,Technology,Accessories,Accessories Model 736
PR-200070,Office Supplies,Binders,Binders Model 532
PR-200071,Office Supplies,Appliances,Appliances Model 827
PR-200072,Office Supplies,Binders,Binders Model 309
PR-200073,Office Supplies,Binders,Binders Model 519
PR-200074,Office Supplies,Storage,Storage Model 525
PR-200075,Furniture,Furnishings,Furnishings Model 384
PR-200076,Technology,Machines,Machines Model 359
PR-200077,Office Supplies,Storage,Storage Model 741
PR-200078,Office Supplies,Paper,Paper Model 142
PR-200079,Office Supplies,Paper,Paper Model 231
PR-200080,Office Supplies,Art,Art Model 172
PR-200081,Office Supplies,Storage,Storage Model 218
PR-200082,Technology,Machines,Machines Model 168
PR-200083,Technology,Copiers,Copiers Model 271
PR-200084,Office Supplies,Binders,Binders Model 797
PR-200085,Office Supplies,Paper,Paper Model 391
PR-200086,Office Supplies,Binders,Binders Model 391
PR-200087,Office Supplies,Binders,Binders Model 211
PR-200088,Technology,Machines,Machines Model 942
PR-200089,Technology,Phones,Phones Model 668
PR-200090,Furniture,Tables,Tables Model 230
PR-200091,Office Supplies,Storage,Storage Model 580
PR-200092,Furniture,Chairs,Chairs Model 214
PR-200093,Technology,Phones,Phones Model 953
PR-200094,Furniture,Tables,Tables Model 185
PR-200095,Office Supplies,Storage,Storage Model 347
PR-200096,Furniture,Bookcases,Bookcases Model 548
PR-200097,Office Supplies,Art,Art Model 552
PR-200098,Office Supplies,Storage,Storage Model 778
PR-200099,Office Supplies,Art,Art Model 886
PR-200100,Technology,Copiers,Copiers Model 144
PR-200101,Office Supplies,Storage,Storage Model 256
PR-200102,Furniture,Bookcases,Bookcases Model 279
PR-200103,Furniture,Furnishings,Furnishings Model 305
PR-200104,Office Supplies,Storage,Storage Model 500
PR-200105,Furniture,Tables,Tables Model 398
PR-200106,Office Supplies,Storage,Storage Model 330
PR-200107,Technology,Accessories,Accessories Model 443
PR-200108,Office Supplies,Paper,Paper Model 125
PR-200109,Furniture,Chairs,Chairs Model 963
PR-200110,Technology,Copiers,Copiers Model 670
PR-200111,Technology,Accessories,Accessories Model 660
PR-200112,Furniture,Chairs,Chairs Model 214
PR-200113,Office Supplies,Storage,Storage Model 519
PR-200114,Office Supplies,Appliances,Appliances Model 117
PR-200115,Office Supplies,Art,Art Model 841
PR-200116,Furniture,Bookcases,Bookcases Model 139
PR-200117,Technology,Phones,Phones Model 800
PR-200118,Technology,Phones,Phones Model 490
PR-200119,Technology,Phones,Phones Model 933
PR-200120,Furniture,Chairs,Chairs Model 977
PR-200121,Technology,Phones,Phones Model 677
PR-200122,Office Supplies,Storage,Storage Model 120
PR-200123,Office Supplies,Paper,Paper Model 685
PR-200124,Office Supplies,Paper,Paper Model 389
PR-200125,Office Supplies,Appliances,Appliances Model 496
PR-200126,Furniture,Tables,Tables Model 799
PR-200127,Furniture,Bookcases,Bookcases Model 453
PR-200128,Office Supplies,Paper,Paper Model 590
PR-200129,Technology,Machines,Machines Model 649
PR-200130,Furniture,Tables,Tables Model 247
PR-200131,Furniture,Tables,Tables Model 497
PR-200132,Furniture,Tables,Tables Model 476
PR-200133,Office Supplies,Storage,Storage Model 542
PR-200134,Furniture,Tables,Tables Model 143
PR-200135,Furniture,Furnishings,Furnishings Model 827
PR-200136,Office Supplies,Art,Art Model 511
PR-200137,Technology,Copiers,Copiers Model 313
PR-200138,Furniture,Furnishings,Furnishings Model 527
PR-200139,Furniture,Furnishings,Furnishings Model 554
PR-200140,Furniture,Furnishings,Furnishings Model 472
PR-200141,Furniture,Bookcases,Bookcases Model 781
PR-200142,Furniture,Tables,Tables Model 840
PR-200143,Office Supplies,Art,Art Model 351
PR-200144,Technology,Accessories,Accessories Model 682
PR-200145,Technology,Copiers,Copiers Model 574
PR-200146,Office Supplies,Paper,Paper Model 483
PR-200147,Office Supplies,Binders,Binders Model 318
PR-200148,Furniture,Tables,Tables Model 581
PR-200149,Technology,Machines,Machines Model 407
PR-200150,Office Supplies,Paper,Paper Model 152
PR-200151,Technology,Accessories,Accessories Model 445
PR-200152,Office Supplies,Art,Art Model 775
PR-200153,Furniture,Furnishings,Furnishings Model 284
PR-200154,Furniture,Chairs,Chairs Model 810
PR-200155,Technology,Machines,Machines Model 681
PR-200156,Office Supplies,Art,Art Model 379
PR-200157,Office Supplies,Appliances,Appliances Model 887
PR-200158,Technology,Machines,Machines Model 688
PR-200159,Technology,Accessories,Accessories Model 521
PR-200160,Furniture,Furnishings,Furnishings Model 351
PR-200161,Office Supplies,Art,Art Model 880
PR-200162,Furniture,Bookcases,Bookcases Model 725
PR-200163,Office Supplies,Appliances,Appliances Model 852
PR-200164,Office Supplies,Storage,Storage Model 792
PR-200165,Technology,Phones,Phones Model 187
PR-200166,Technology,Phones,Phones Model 982
PR-200167,Technology,Copiers,Copiers Model 973
PR-200168,Technology,Copiers,Copiers Model 465
PR-200169,Technology,Accessories,Accessories Model 318
PR-200170,Furniture,Chairs,Chairs Model 471
PR-200171,Office Supplies,Binders,Binders Model 697
PR-200172,Furniture,Furnishings,Furnishings Model 446
PR-200173,Office Supplies,Art,Art Model 396
PR-200174,Furniture,Chairs,Chairs Model 921
PR-200175,Office Supplies,Art,Art Model 255
PR-200176,Technology,Machines,Machines Model 221
PR-200177,Office Supplies,Appliances,Appliances Model 519
PR-200178,Technology,Machines,Machines Model 816
PR-200179,Furniture,Tables,Tables Model 216
PR-200180,Office Supplies,Art,Art Model 555
PR-200181,Technology,Phones,Phones Model 238
PR-200182,Furniture,Furnishings,Furnishings Model 488
PR-200183,Furniture,Tables,Tables Model 885
PR-200184,Technology,Copiers,Copiers Model 551
PR-200185,Office Supplies,Appliances,Appliances Model 286
PR-200186,Furniture,Chairs,Chairs Model 603
PR-200187,Office Supplies,Appliances,Appliances Model 452
PR-200188,Furniture,Chairs,Chairs Model 478
PR-200189,Technology,Accessories,Accessories Model 238
PR-200190,Office Supplies,Binders,Binders Model 793
PR-200191,Furniture,Tables,Tables Model 213
PR-200192,Office Supplies,Art,Art Model 749
PR-200193,Furniture,Bookcases,Bookcases Model 828
PR-200194,Technology,Copiers,Copiers Model 717
PR-200195,Furniture,Chairs,Chairs Model 736
PR-200196,Office Supplies,Paper,Paper Model 273
PR-200197,Furniture,Bookcases,Bookcases Model 296
PR-200198,Office Supplies,Binders,Binders Model 632
PR-200199,Technology,Machines,Machines Model 426
PR-200200,Technology,Phones,Phones Model 764
PR-200201,Technology,Copiers,Copiers Model 369
PR-200202,Furniture,Furnishings,Furnishings Model 445
PR-200203,Technology,Copiers,Copiers Model 867
PR-200204,Office Supplies,Paper,Paper Model 775
PR-200205,Technology,Copiers,Copiers Model 664
PR-200206,Technology,Accessories,Accessories Model 992
PR-200207,Office Supplies,Storage,Storage Model 852
PR-200208,Office Supplies,Storage,Storage Model 409
PR-200209,Furniture,Tables,Tables Model 581
PR-200210,Furniture,Furnishings,Furnishings Model 136
PR-200211,Office Supplies,Binders,Binders Model 813
PR-200212,Furniture,Bookcases,Bookcases Model 475
PR-200213,Office Supplies,Paper,Paper Model 516
PR-200214,Office Supplies,Binders,Binders Model 235
PR-200215,Furniture,Bookcases,Bookcases Model 665
PR-200216,Technology,Machines,Machines Model 388
PR-200217,Furniture,Chairs,Chairs Model 560
PR-200218,Office Supplies,Storage,Storage Model 924
PR-200219,Office Supplies,Binders,Binders Model 982
PR-200220,Office Supplies,Storage,Storage Model 123
PR-200221,Technology,Phones,Phones Model 348
PR-200222,Technology,Accessories,Accessories Model 482
PR-200223,Technology,Accessories,Accessories Model 685
PR-200224,Technology,Phones,Phones Model 984
PR-200225,Technology,Phones,Phones Model 840
PR-200226,Technology,Copiers,Copiers Model 991
PR-200227,Office Supplies,Storage,Storage Model 259
PR-200228,Office Supplies,Paper,Paper Model 746
PR-200229,Furniture,Chairs,Chairs Model 727
PR-200230,Technology,Phones,Phones Model 821
PR-200231,Technology,Accessories,Accessories Model 863
PR-200232,Technology,Accessories,Accessories Model 193
PR-200233,Office Supplies,Storage,Storage Model 103
PR-200234,Furniture,Tables,Tables Model 315
PR-200235,Technology,Phones,Phones Model 496
PR-200236,Furniture,Tables,Tables Model 587
PR-200237,Technology,Machines,Machines Model 719
PR-200238,Office Supplies,Art,Art Model 580
PR-200239,Furniture,Chairs,Chairs Model 553
PR-200240,Technology,Phones,Phones Model 181
PR-200241,Technology,Accessories,Accessories Model 369
PR-200242,Technology,Accessories,Accessories Model 816
PR-200243,Technology,Phones,Phones Model 292
PR-200244,Technology,Copiers,Copiers Model 874
PR-200245,Technology,Accessories,Accessories Model 504
PR-200246,Office Supplies,Appliances,Appliances Model 403
PR-200247,Office Supplies,Paper,Paper Model 618
PR-200248,Office Supplies,Binders,Binders Model 323
PR-200249,Furniture,Bookcases,Bookcases Model 944
PR-200250,Furniture,Tables,Tables Model 643
PR-200251,Technology,Copiers,Copiers Model 388
PR-200252,Technology,Phones,Phones Model 163
PR-200253,Technology,Machines,Machines Model 452
PR-200254,Office Supplies,Storage,Storage Model 734
PR-200255,Furniture,Chairs,Chairs Model 790
PR-200256,Office Supplies,Paper,Paper Model 112
PR-200257,Office Supplies,Storage,Storage Model 426
PR-200258,Office Supplies,Binders,Binders Model 814
PR-200259,Office Supplies,Appliances,Appliances Model 794
PR-200260,Technology,Copiers,Copiers Model 844
PR-200261,Furniture,Furnishings,Furnishings Model 466
PR-200262,Office Supplies,Paper,Paper Model 479
PR-200263,Furniture,Bookcases,Bookcases Model 881
PR-200264,Furniture,Bookcases,Bookcases Model 659
PR-200265,Office Supplies,Art,Art Model 333
PR-200266,Office Supplies,Art,Art Model 143
PR-200267,Office Supplies,Binders,Binders Model 519
PR-200268,Furniture,Furnishings,Furnishings Model 432
PR-200269,Furniture,Furnishings,Furnishings Model 989
PR-200270,Furniture,Furnishings,Furnishings Model 256
PR-200271,Technology,Machines,Machines Model 529
PR-200272,Technology,Accessories,Accessories Model 907
PR-200273,Furniture,Furnishings,Furnishings Model 991
PR-200274,Office Supplies,Art,Art Model 509
PR-200275,Furniture,Chairs,Chairs Model 544
PR-200276,Office Supplies,Art,Art Model 254
PR-200277,Office Supplies,Art,Art Model 322
PR-200278,Technology,Phones,Phones Model 500
PR-200279,Furniture,Tables,Tables Model 377
PR-200280,Furniture,Tables,Tables Model 122
PR-200281,Furniture,Furnishings,Furnishings Model 262
PR-200282,Furniture,Bookcases,Bookcases Model 333
PR-200283,Technology,Machines,Machines Model 721
PR-200284,Office Supplies,Paper,Paper Model 543
PR-200285,Furniture,Tables,Tables Model 599
PR-200286,Office Supplies,Storage,Storage Model 461
PR-200287,Technology,Phones,Phones Model 431
PR-200288,Office Supplies,Paper,Paper Model 722
PR-200289,Furniture,Tables,Tables Model 340
PR-200290,Office Supplies,Paper,Paper Model 922
PR-200291,Technology,Machines,Machines Model 602
PR-200292,Technology,Copiers,Copiers Model 746
PR-200293,Technology,Copiers,Copiers Model 745
PR-200294,Furniture,Furnishings,Furnishings Model 726
PR-200295,Technology,Accessories,Accessories Model 642
PR-200296,Furniture,Bookcases,Bookcases Model 842
PR-200297,Furniture,Tables,Tables Model 478
PR-200298,Office Supplies,Paper,Paper Model 164
PR-200299,Technology,Machines,Machines Model 478
PR-200300,Furniture,Tables,Tables Model 314
PR-200301,Furniture,Tables,Tables Model 992
PR-200302,Furniture,Furnishings,Furnishings Model 905
PR-200303,Furniture,Bookcases,Bookcases Model 691
PR-200304,Furniture,Tables,Tables Model 230
PR-200305,Furniture,Tables,Tables Model 825
PR-200306,Office Supplies,Appliances,Appliances Model 342
PR-200307,Technology,Machines,Machines Model 676
PR-200308,Furniture,Chairs,Chairs Model 420
PR-200309,Office Supplies,Storage,Storage Model 493
PR-200310,Technology,Copiers,Copiers Model 183
PR-200311,Office Supplies,Paper,Paper Model 573
PR-200312,Office Supplies,Binders,Binders Model 168
PR-200313,Furniture,Furnishings,Furnishings Model 896
PR-200314,Technology,Copiers,Copiers Model 828
PR-200315,Technology,Copiers,Copiers Model 968
PR-200316,Technology,Machines,Machines Model 352
PR-200317,Technology,Phones,Phones Model 435
PR-200318,Furniture,Furnishings,Furnishings Model 675
PR-200319,Technology,Copiers,Copiers Model 427
PR-200320,Furniture,Bookcases,Bookcases Model 719
PR-200321,Office Supplies,Art,Art Model 943
PR-200322,Office Supplies,Art,Art Model 711
PR-200323,Office Supplies,Storage,Storage Model 402
PR-200324,Office Supplies,Storage,Storage Model 853
PR-200325,Technology,Copiers,Copiers Model 354
PR-200326,Furniture,Furnishings,Furnishings Model 817
PR-200327,Technology,Copiers,Copiers Model 367
PR-200328,Technology,Accessories,Accessories Model 403
PR-200329,Technology,Phones,Phones Model 767
PR-200330,Office Supplies,Paper,Paper Model 180
PR-200331,Furniture,Furnishings,Furnishings Model 894
PR-200332,Technology,Machines,Machines Model 740
PR-200333,Furniture,Tables,Tables Model 708
PR-200334,Furniture,Bookcases,Bookcases Model 210
PR-200335,Furniture,Furnishings,Furnishings Model 382
PR-200336,Technology,Machines,Machines Model 391
PR-200337,Technology,Accessories,Accessories Model 430
PR-200338,Technology,Phones,Phones Model 153
PR-200339,Furniture,Furnishings,Furnishings Model 477
PR-200340,Technology,Copiers,Copiers Model 951
PR-200341,Office Supplies,Paper,Paper Model 663
PR-200342,Technology,Machines,Machines Model 761
PR-200343,Furniture,Furnishings,Furnishings Model 282
PR-200344,Furniture,Chairs,Chairs Model 759
PR-200345,Furniture,Bookcases,Bookcases Model 679
PR-200346,Office Supplies,Storage,Storage Model 623
PR-200347,Technology,Accessories,Accessories Model 608
PR-200348,Technology,Phones,Phones Model 243
PR-200349,Technology,Phones,Phones Model 635
PR-200350,Technology,Accessories,Accessories Model 194
PR-200351,Furniture,Bookcases,Bookcases Model 446
PR-200352,Technology,Machines,Machines Model 451
PR-200353,Technology,Machines,Machines Model 510
PR-200354,Office Supplies,Storage,Storage Model 637
PR-200355,Furniture,Furnishings,Furnishings Model 811
PR-200356,Technology,Phones,Phones Model 933
PR-200357,Technology,Machines,Machines Model 262
PR-200358,Technology,Copiers,Copiers Model 332
PR-200359,Technology,Phones,Phones Model 760
PR-200360,Office Supplies,Appliances,Appliances Model 124
PR-200361,Technology,Accessories,Accessories Model 590
PR-200362,Technology,Phones,Phones Model 324
PR-200363,Technology,Accessories,Accessories Model 991
PR-200364,Technology,Copiers,Copiers Model 430
PR-200365,Furniture,Furnishings,Furnishings Model 119
PR-200366,Office Supplies,Binders,Binders Model 604
PR-200367,Technology,Machines,Machines Model 663
PR-200368,Technology,Phones,Phones Model 304
PR-200369,Office Supplies,Storage,Storage Model 313
PR-200370,Technology,Machines,Machines Model 107
PR-200371,Furniture,Chairs,Chairs Model 695
PR-200372,Furniture,Tables,Tables Model 506
PR-200373,Technology,Accessories,Accessories Model 649
PR-200374,Technology,Copiers,Copiers Model 372
PR-200375,Office Supplies,Binders,Binders Model 623
PR-200376,Furniture,Tables,Tables Model 954
PR-200377,Technology,Copiers,Copiers Model 442
PR-200378,Technology,Copiers,Copiers Model 366
PR-200379,Furniture,Chairs,Chairs Model 766
PR-200380,Furniture,Furnishings,Furnishings Model 129
PR-200381,Furniture,Furnishings,Furnishings Model 309
PR-200382,Technology,Phones,Phones Model 142
PR-200383,Furniture,Chairs,Chairs Model 860
PR-200384,Technology,Accessories,Accessories Model 877
PR-200385,Office Supplies,Binders,Binders Model 952
PR-200386,Office Supplies,Art,Art Model 707
PR-200387,Furniture,Bookcases,Bookcases Model 574
PR-200388,Technology,Accessories,Accessories Model 680
PR-200389,Furniture,Tables,Tables Model 623
PR-200390,Technology,Copiers,Copiers Model 112
PR-200391,Technology,Accessories,Accessories Model 981
PR-200392,Furniture,Tables,Tables Model 611
PR-200393,Office Supplies,Paper,Paper Model 837
PR-200394,Furniture,Furnishings,Furnishings Model 500
PR-200395,Office Supplies,Art,Art Model 603
PR-200396,Furniture,Bookcases,Bookcases Model 914
PR-200397,Office Supplies,Art,Art Model 179
PR-200398,Office Supplies,Storage,Storage Model 100
PR-200399,Technology,Phones,Phones Model 977
PR-200400,Technology,Copiers,Copiers Model 100
PR-200401,Furniture,Furnishings,Furnishings Model 490
PR-200402,Office Supplies,Appliances,Appliances Model 263
PR-200403,Technology,Phones,Phones Model 476
PR-200404,Technology,Accessories,Accessories Model 533
PR-200405,Office Supplies,Binders,Binders Model 177
PR-200406,Furniture,Furnishings,Furnishings Model 769
PR-200407,Technology,Copiers,Copiers Model 888
PR-200408,Technology,Phones,Phones Model 409
PR-200409,Technology,Copiers,Copiers Model 567
PR-200410,Technology,Phones,Phones Model 751
PR-200411,Office Supplies,Storage,Storage Model 587
PR-200412,Technology,Phones,Phones Model 215
PR-200413,Technology,Accessories,Accessories Model 566
PR-200414,Office Supplies,Appliances,Appliances Model 379
PR-200415,Furniture,Chairs,Chairs Model 819
PR-200416,Office Supplies,Paper,Paper Model 164
PR-200417,Office Supplies,Art,Art Model 320
PR-200418,Technology,Machines,Machines Model 794
PR-200419,Furniture,Chairs,Chairs Model 138
PR-200420,Furniture,Furnishings,Furnishings Model 950
PR-200421,Furniture,Furnishings,Furnishings Model 279
PR-200422,Technology,Phones,Phones Model 772
PR-200423,Technology,Copiers,Copiers Model 826
PR-200424,Furniture,Furnishings,Furnishings Model 307
PR-200425,Furniture,Chairs,Chairs Model 787
PR-200426,Furniture,Tables,Tables Model 340
PR-200427,Office Supplies,Paper,Paper Model 929
PR-200428,Technology,Phones,Phones Model 994
PR-200429,Office Supplies,Paper,Paper Model 672
PR-200430,Office Supplies,Paper,Paper Model 910
PR-200431,Technology,Phones,Phones Model 393
PR-200432,Furniture,Chairs,Chairs Model 712
PR-200433,Furniture,Furnishings,Furnishings Model 940
PR-200434,Furniture,Tables,Tables Model 482
PR-200435,Office Supplies,Binders,Binders Model 843
PR-200436,Office Supplies,Appliances,Appliances Model 249
PR-200437,Furniture,Bookcases,Bookcases Model 516
PR-200438,Technology,Machines,Machines Model 481
PR-200439,Furniture,Bookcases,Bookcases Model 885
PR-200440,Furniture,Tables,Tables Model 933
PR-200441,Office Supplies,Paper,Paper Model 791
PR-200442,Office Supplies,Paper,Paper Model 468
PR-200443,Furniture,Chairs,Chairs Model 716
PR-200444,Furniture,Tables,Tables Model 440
PR-200445,Furniture,Furnishings,Furnishings Model 561
PR-200446,Office Supplies,Art,Art Model 143
PR-200447,Furniture,Tables,Tables Model 713
PR-200448,Furniture,Tables,Tables Model 971
PR-200449,Office Supplies,Art,Art Model 935
PR-200450,Technology,Machines,Machines Model 183
PR-200451,Furniture,Chairs,Chairs Model 613
PR-200452,Office Supplies,Storage,Storage Model 632
PR-200453,Technology,Phones,Phones Model 360
PR-200454,Office Supplies,Art,Art Model 857
PR-200455,Technology,Copiers,Copiers Model 600
PR-200456,Technology,Copiers,Copiers Model 849
PR-200457,Furniture,Furnishings,Furnishings Model 635
PR-200458,Office Supplies,Paper,Paper Model 324
PR-200459,Office Supplies,Binders,Binders Model 867
PR-200460,Furniture,Chairs,Chairs Model 331
PR-200461,Office Supplies,Paper,Paper Model 259
PR-200462,Office Supplies,Art,Art Model 833
PR-200463,Technology,Phones,Phones Model 607
PR-200464,Technology,Phones,Phones Model 811
PR-200465,Furniture,Tables,Tables Model 873
PR-200466,Furniture,Bookcases,Bookcases Model 945
PR-200467,Technology,Phones,Phones Model 934
PR-200468,Technology,Phones,Phones Model 116
PR-200469,Technology,Copiers,Copiers Model 223
PR-200470,Technology,Accessories,Accessories Model 947
PR-200471,Office Supplies,Storage,Storage Model 168
PR-200472,Furniture,Furnishings,Furnishings Model 221
PR-200473,Furniture,Bookcases,Bookcases Model 777
PR-200474,Furniture,Chairs,Chairs Model 814
PR-200475,Office Supplies,Binders,Binders Model 451
PR-200476,Furniture,Bookcases,Bookcases Model 313
PR-200477,Furniture,Furnishings,Furnishings Model 734
PR-200478,Office Supplies,Paper,Paper Model 750
PR-200479,Office Supplies,Appliances,Appliances Model 142
PR-200480,Office Supplies,Paper,Paper Model 132
PR-200481,Furniture,Bookcases,Bookcases Model 459
PR-200482,Technology,Copiers,Copiers Model 817
PR-200483,Furniture,Furnishings,Furnishings Model 870
PR-200484,Office Supplies,Storage,Storage Model 532
PR-200485,Office Supplies,Appliances,Appliances Model 735
PR-200486,Furniture,Furnishings,Furnishings Model 127
PR-200487,Furniture,Chairs,Chairs Model 599
PR-200488,Technology,Machines,Machines Model 358
PR-200489,Office Supplies,Storage,Storage Model 184
PR-200490,Technology,Phones,Phones Model 565
PR-200491,Furniture,Bookcases,Bookcases Model 347
PR-200492,Office Supplies,Paper,Paper Model 135
PR-200493,Furniture,Bookcases,Bookcases Model 665
PR-200494,Office Supplies,Paper,Paper Model 321
PR-200495,Office Supplies,Paper,Paper Model 197
PR-200496,Technology,Accessories,Accessories Model 707
PR-200497,Office Supplies,Storage,Storage Model 618
PR-200498,Furniture,Chairs,Chairs Model 614
PR-200499,Technology,Machines,Machines Model 381
PR-200500,Office Supplies,Appliances,Appliances Model 497
PR-200501,Office Supplies,Storage,Storage Model 359
PR-200502,Office Supplies,Storage,Storage Model 814
PR-200503,Office Supplies,Paper,Paper Model 278
PR-200504,Furniture,Bookcases,Bookcases Model 974
PR-200505,Technology,Phones,Phones Model 397
PR-200506,Office Supplies,Binders,Binders Model 536
PR-200507,Technology,Accessories,Accessories Model 957
PR-200508,Technology,Accessories,Accessories Model 593
PR-200509,Furniture,Tables,Tables Model 105
PR-200510,Furniture,Tables,Tables Model 891
PR-200511,Furniture,Chairs,Chairs Model 409
PR-200512,Technology,Accessories,Accessories Model 448
PR-200513,Office Supplies,Appliances,Appliances Model 965
PR-200514,Furniture,Tables,Tables Model 830
PR-200515,Furniture,Chairs,Chairs Model 203
PR-200516,Technology,Accessories,Accessories Model 235
PR-200517,Office Supplies,Appliances,Appliances Model 676
PR-200518,Technology,Machines,Machines Model 608
PR-200519,Furniture,Furnishings,Furnishings Model 121
PR-200520,Office Supplies,Appliances,Appliances Model 810
PR-200521,Furniture,Chairs,Chairs Model 528
PR-200522,Furniture,Chairs,Chairs Model 385
PR-200523,Furniture,Furnishings,Furnishings Model 168
PR-200524,Technology,Phones,Phones Model 369
PR-200525,Office Supplies,Binders,Binders Model 586
PR-200526,Furniture,Tables,Tables Model 996
PR-200527,Technology,Phones,Phones Model 124
PR-200528,Technology,Phones,Phones Model 684
PR-200529,Technology,Accessories,Accessories Model 556
PR-200530,Office Supplies,Appliances,Appliances Model 482
PR-200531,Office Supplies,Binders,Binders Model 589
PR-200532,Technology,Accessories,Accessories Model 696
PR-200533,Furniture,Chairs,Chairs Model 673
PR-200534,Technology,Accessories,Accessories Model 307
PR-200535,Technology,Copiers,Copiers Model 236
PR-200536,Office Supplies,Paper,Paper Model 111
PR-200537,Furniture,Chairs,Chairs Model 622
PR-200538,Technology,Phones,Phones Model 637
PR-200539,Office Supplies,Binders,Binders Model 699
PR-200540,Office Supplies,Storage,Storage Model 410
PR-200541,Technology,Copiers,Copiers Model 349
PR-200542,Furniture,Tables,Tables Model 293
PR-200543,Office Supplies,Paper,Paper Model 589
PR-200544,Furniture,Tables,Tables Model 201
PR-200545,Technology,Machines,Machines Model 666
PR-200546,Office Supplies,Appliances,Appliances Model 979
PR-200547,Technology,Accessories,Accessories Model 783
PR-200548,Technology,Accessories,Accessories Model 981
PR-200549,Technology,Machines,Machines Model 625
PR-200550,Technology,Accessories,Accessories Model 352
PR-200551,Office Supplies,Paper,Paper Model 959
PR-200552,Office Supplies,Binders,Binders Model 330
PR-200553,Furniture,Furnishings,Furnishings Model 161
PR-200554,Furniture,Chairs,Chairs Model 991
PR-200555,Furniture,Furnishings,Furnishings Model 128
PR-200556,Technology,Copiers,Copiers Model 500
PR-200557,Furniture,Tables,Tables Model 866
PR-200558,Technology,Machines,Machines Model 729
PR-200559,Office Supplies,Paper,Paper Model 761
PR-200560,Office Supplies,Art,Art Model 347
PR-200561,Office Supplies,Appliances,Appliances Model 394
PR-200562,Furniture,Chairs,Chairs Model 543
PR-200563,Office Supplies,Storage,Storage Model 527
PR-200564,Technology,Phones,Phones Model 821
PR-200565,Technology,Phones,Phones Model 478
PR-200566,Furniture,Furnishings,Furnishings Model 387
PR-200567,Furniture,Bookcases,Bookcases Model 410
PR-200568,Office Supplies,Appliances,Appliances Model 434
PR-200569,Furniture,Furnishings,Furnishings Model 623
PR-200570,Furniture,Furnishings,Furnishings Model 875
PR-200571,Office Supplies,Appliances,Appliances Model 811
PR-200572,Office Supplies,Appliances,Appliances Model 713
PR-200573,Office Supplies,Appliances,Appliances Model 240
PR-200574,Furniture,Bookcases,Bookcases Model 193
PR-200575,Office Supplies,Paper,Paper Model 450
PR-200576,Office Supplies,Appliances,Appliances Model 731
PR-200577,Office Supplies,Storage,Storage Model 357
PR-200578,Office Supplies,Binders,Binders Model 377
PR-200579,Furniture,Tables,Tables Model 420
PR-200580,Furniture,Tables,Tables Model 679
PR-200581,Technology,Copiers,Copiers Model 413
PR-200582,Technology,Copiers,Copiers Model 630
PR-200583,Office Supplies,Paper,Paper Model 385
PR-200584,Furniture,Furnishings,Furnishings Model 785
PR-200585,Office Supplies,Art,Art Model 886
PR-200586,Office Supplies,Art,Art Model 921
PR-200587,Office Supplies,Binders,Binders Model 294
PR-200588,Office Supplies,Binders,Binders Model 829
PR-200589,Office Supplies,Appliances,Appliances Model 428
PR-200590,Technology,Machines,Machines Model 695
PR-200591,Office Supplies,Art,Art Model 220
PR-200592,Office Supplies,Binders,Binders Model 753
PR-200593,Technology,Accessories,Accessories Model 712
PR-200594,Office Supplies,Binders,Binders Model 287
PR-200595,Office Supplies,Paper,Paper Model 483
PR-200596,Technology,Machines,Machines Model 595
PR-200597,Office Supplies,Binders,Binders Model 681
PR-200598,Furniture,Bookcases,Bookcases Model 249
PR-200599,Furniture,Chairs,Chairs Model 358
PR-200600,Technology,Machines,Machines Model 932
PR-200601,Office Supplies,Paper,Paper Model 103
PR-200602,Technology,Accessories,Accessories Model 931
PR-200603,Furniture,Furnishings,Furnishings Model 565
PR-200604,Office Supplies,Appliances,Appliances Model 940
PR-200605,Furniture,Furnishings,Furnishings Model 303
PR-200606,Furniture,Chairs,Chairs Model 537
PR-200607,Office Supplies,Paper,Paper Model 709
PR-200608,Technology,Machines,Machines Model 547
PR-200609,Furniture,Bookcases,Bookcases Model 222
PR-200610,Technology,Accessories,Accessories Model 225
PR-200611,Furniture,Chairs,Chairs Model 142
PR-200612,Technology,Copiers,Copiers Model 210
PR-200613,Office Supplies,Appliances,Appliances Model 374
PR-200614,Technology,Phones,Phones Model 860
PR-200615,Office Supplies,Paper,Paper Model 309
PR-200616,Technology,Phones,Phones Model 110
PR-200617,Technology,Copiers,Copiers Model 739
PR-200618,Office Supplies,Binders,Binders Model 391
PR-200619,Furniture,Tables,Tables Model 336
PR-200620,Technology,Copiers,Copiers Model 665
PR-200621,Furniture,Tables,Tables Model 255
PR-200622,Technology,Copiers,Copiers Model 880
PR-200623,Technology,Accessories,Accessories Model 925
PR-200624,Furniture,Tables,Tables Model 654
PR-200625,Office Supplies,Storage,Storage Model 264
PR-200626,Technology,Copiers,Copiers Model 928
PR-200627,Furniture,Chairs,Chairs Model 197
PR-200628,Technology,Machines,Machines Model 326
PR-200629,Technology,Machines,Machines Model 724
PR-200630,Technology,Accessories,Accessories Model 325
PR-200631,Furniture,Chairs,Chairs Model 103
PR-200632,Technology,Copiers,Copiers Model 545
PR-200633,Office Supplies,Appliances,Appliances Model 969
PR-200634,Furniture,Furnishings,Furnishings Model 318
PR-200635,Technology,Phones,Phones Model 967
PR-200636,Technology,Machines,Machines Model 829
PR-200637,Furniture,Furnishings,Furnishings Model 253
PR-200638,Office Supplies,Paper,Paper Model 971
PR-200639,Office Supplies,Paper,Paper Model 123
PR-200640,Office Supplies,Binders,Binders Model 310
PR-200641,Office Supplies,Paper,Paper Model 547
PR-200642,Office Supplies,Binders,Binders Model 429
PR-200643,Technology,Machines,Machines Model 619
PR-200644,Office Supplies,Paper,Paper Model 958
PR-200645,Furniture,Tables,Tables Model 481
PR-200646,Technology,Phones,Phones Model 715
PR-200647,Office Supplies,Paper,Paper Model 272
PR-200648,Furniture,Tables,Tables Model 323
PR-200649,Furniture,Bookcases,Bookcases Model 514
PR-200650,Furniture,Tables,Tables Model 832
PR-200651,Furniture,Tables,Tables Model 488
PR-200652,Office Supplies,Paper,Paper Model 124
PR-200653,Office Supplies,Appliances,Appliances Model 349
PR-200654,Office Supplies,Storage,Storage Model 563
PR-200655,Office Supplies,Storage,Storage Model 498
PR-200656,Office Supplies,Binders,Binders Model 468
PR-200657,Furniture,Chairs,Chairs Model 602
PR-200658,Furniture,Furnishings,Furnishings Model 534
PR-200659,Technology,Machines,Machines Model 361
PR-200660,Furniture,Tables,Tables Model 375
PR-200661,Furniture,Bookcases,Bookcases Model 590
PR-200662,Technology,Accessories,Accessories Model 324
PR-200663,Office Supplies,Appliances,Appliances Model 713
PR-200664,Office Supplies,Art,Art Model 966
PR-200665,Technology,Machines,Machines Model 473
PR-200666,Technology,Accessories,Accessories Model 192
PR-200667,Office Supplies,Art,Art Model 194
PR-200668,Office Supplies,Appliances,Appliances Model 151
PR-200669,Furniture,Chairs,Chairs Model 637
PR-200670,Furniture,Furnishings,Furnishings Model 252
PR-200671,Furniture,Tables,Tables Model 979
PR-200672,Furniture,Bookcases,Bookcases Model 991
PR-200673,Technology,Accessories,Accessories Model 519
PR-200674,Furniture,Tables,Tables Model 633
PR-200675,Technology,Accessories,Accessories Model 992
PR-200676,Technology,Phones,Phones Model 686
PR-200677,Office Supplies,Art,Art Model 395
PR-200678,Office Supplies,Paper,Paper Model 533
PR-200679,Technology,Accessories,Accessories Model 117
PR-200680,Technology,Phones,Phones Model 168
PR-200681,Technology,Copiers,Copiers Model 936
PR-200682,Technology,Phones,Phones Model 897
PR-200683,Furniture,Bookcases,Bookcases Model 840
PR-200684,Technology,Accessories,Accessories Model 646
PR-200685,Technology,Accessories,Accessories Model 905
PR-200686,Technology,Copiers,Copiers Model 975
PR-200687,Technology,Copiers,Copiers Model 625
PR-200688,Technology,Phones,Phones Model 503
PR-200689,Technology,Accessories,Accessories Model 149
PR-200690,Furniture,Tables,Tables Model 966
PR-200691,Technology,Accessories,Accessories Model 982
PR-200692,Office Supplies,Binders,Binders Model 687
PR-200693,Furniture,Furnishings,Furnishings Model 351
PR-200694,Furniture,Tables,Tables Model 827
PR-200695,Technology,Accessories,Accessories Model 265
PR-200696,Office Supplies,Appliances,Appliances Model 872
PR-200697,Technology,Phones,Phones Model 486
PR-200698,Technology,Phones,Phones Model 394
PR-200699,Furniture,Furnishings,Furnishings Model 793
PR-200700,Furniture,Furnishings,Furnishings Model 637
PR-200701,Furniture,Bookcases,Bookcases Model 905
PR-200702,Office Supplies,Appliances,Appliances Model 835
PR-200703,Office Supplies,Paper,Paper Model 869
PR-200704,Furniture,Furnishings,Furnishings Model 270
PR-200705,Office Supplies,Paper,Paper Model 229
PR-200706,Technology,Accessories,Accessories Model 175
PR-200707,Office Supplies,Binders,Binders Model 962
PR-200708,Furniture,Chairs,Chairs Model 718
PR-200709,Furniture,Furnishings,Furnishings Model 484
PR-200710,Furniture,Bookcases,Bookcases Model 124
PR-200711,Furniture,Furnishings,Furnishings Model 303
PR-200712,Technology,Accessories,Accessories Model 545
PR-200713,Office Supplies,Art,Art Model 560
PR-200714,Office Supplies,Art,Art Model 764
PR-200715,Furniture,Furnishings,Furnishings Model 350
PR-200716,Technology,Phones,Phones Model 332
PR-200717,Furniture,Bookcases,Bookcases Model 598
PR-200718,Furniture,Furnishings,Furnishings Model 829
PR-200719,Furniture,Bookcases,Bookcases Model 309
PR-200720,Furniture,Tables,Tables Model 525
PR-200721,Technology,Accessories,Accessories Model 249
PR-200722,Office Supplies,Storage,Storage Model 402
PR-200723,Furniture,Chairs,Chairs Model 458
PR-200724,Furniture,Furnishings,Furnishings Model 769
PR-200725,Furniture,Chairs,Chairs Model 712
PR-200726,Furniture,Bookcases,Bookcases Model 940
PR-200727,Office Supplies,Appliances,Appliances Model 588
PR-200728,Technology,Machines,Machines Model 169
PR-200729,Furniture,Bookcases,Bookcases Model 298
PR-200730,Furniture,Tables,Tables Model 111
PR-200731,Technology,Accessories,Accessories Model 862
PR-200732,Office Supplies,Appliances,Appliances Model 376
PR-200733,Technology,Phones,Phones Model 621
PR-200734,Technology,Copiers,Copiers Model 124
PR-200735,Furniture,Furnishings,Furnishings Model 442
PR-200736,Office Supplies,Paper,Paper Model 455
PR-200737,Office Supplies,Binders,Binders Model 391
PR-200738,Furniture,Chairs,Chairs Model 920
PR-200739,Office Supplies,Appliances,Appliances Model 226
PR-200740,Furniture,Furnishings,Furnishings Model 543
PR-200741,Office Supplies,Storage,Storage Model 782
PR-200742,Office Supplies,Appliances,Appliances Model 618
PR-200743,Technology,Accessories,Accessories Model 944
PR-200744,Furniture,Bookcases,Bookcases Model 776
PR-200745,Office Supplies,Paper,Paper Model 849
PR-200746,Office Supplies,Binders,Binders Model 247
PR-200747,Technology,Accessories,Accessories Model 195
PR-200748,Office Supplies,Paper,Paper Model 382
PR-200749,Furniture,Tables,Tables Model 142
PR-200750,Technology,Copiers,Copiers Model 112
PR-200751,Technology,Accessories,Accessories Model 528
PR-200752,Office Supplies,Art,Art Model 527
PR-200753,Technology,Machines,Machines Model 660
PR-200754,Office Supplies,Binders,Binders Model 315
PR-200755,Technology,Phones,Phones Model 267
PR-200756,Technology,Copiers,Copiers Model 844
PR-200757,Furniture,Chairs,Chairs Model 324
PR-200758,Furniture,Tables,Tables Model 788
PR-200759,Furniture,Chairs,Chairs Model 181
PR-200760,Office Supplies,Paper,Paper Model 931
PR-200761,Furniture,Bookcases,Bookcases Model 971
PR-200762,Furniture,Bookcases,Bookcases Model 690
PR-200763,Office Supplies,Appliances,Appliances Model 933
PR-200764,Office Supplies,Binders,Binders Model 746
PR-200765,Office Supplies,Binders,Binders Model 639
PR-200766,Technology,Copiers,Copiers Model 925
PR-200767,Office Supplies,Art,Art Model 331
PR-200768,Technology,Machines,Machines Model 594
PR-200769,Furniture,Bookcases,Bookcases Model 621
PR-200770,Furniture,Furnishings,Furnishings Model 841
PR-200771,Furniture,Chairs,Chairs Model 705
PR-200772,Furniture,Bookcases,Bookcases Model 209
PR-200773,Technology,Accessories,Accessories Model 964
PR-200774,Technology,Accessories,Accessories Model 575
PR-200775,Technology,Phones,Phones Model 814
PR-200776,Office Supplies,Appliances,Appliances Model 471
PR-200777,Furniture,Furnishings,Furnishings Model 529
PR-200778,Office Supplies,Binders,Binders Model 406
PR-200779,Technology,Accessories,Accessories Model 266
PR-200780,Office Supplies,Paper,Paper Model 778
PR-200781,Technology,Copiers,Copiers Model 158
PR-200782,Furniture,Furnishings,Furnishings Model 934
PR-200783,Furniture,Tables,Tables Model 524
PR-200784,Furniture,Chairs,Chairs Model 441
PR-200785,Furniture,Chairs,Chairs Model 415
PR-200786,Technology,Machines,Machines Model 603
PR-200787,Furniture,Tables,Tables Model 515
PR-200788,Furniture,Tables,Tables Model 393
PR-200789,Technology,Accessories,Accessories Model 444
PR-200790,Technology,Copiers,Copiers Model 707
PR-200791,Furniture,Chairs,Chairs Model 203
PR-200792,Technology,Phones,Phones Model 915
PR-200793,Office Supplies,Storage,Storage Model 253
PR-200794,Office Supplies,Paper,Paper Model 604
PR-200795,Technology,Accessories,Accessories Model 152
PR-200796,Technology,Machines,Machines Model 281
PR-200797,Technology,Accessories,Accessories Model 398
PR-200798,Furniture,Bookcases,Bookcases Model 782
PR-200799,Office Supplies,Storage,Storage Model 141
PR-200800,Technology,Copiers,Copiers Model 438
PR-200801,Technology,Phones,Phones Model 696
PR-200802,Technology,Phones,Phones Model 729
PR-200803,Technology,Accessories,Accessories Model 908
PR-200804,Technology,Machines,Machines Model 943
PR-200805,Furniture,Chairs,Chairs Model 373
PR-200806,Office Supplies,Binders,Binders Model 730
PR-200807,Office Supplies,Storage,Storage Model 951
PR-200808,Office Supplies,Binders,Binders Model 241
PR-200809,Technology,Machines,Machines Model 720
PR-200810,Furniture,Tables,Tables Model 758
PR-200811,Office Supplies,Appliances,Appliances Model 198
PR-200812,Furniture,Tables,Tables Model 805
PR-200813,Furniture,Chairs,Chairs Model 502
PR-200814,Furniture,Tables,Tables Model 811
PR-200815,Furniture,Furnishings,Furnishings Model 467
PR-200816,Office Supplies,Binders,Binders Model 400
PR-200817,Office Supplies,Paper,Paper Model 528
PR-200818,Technology,Copiers,Copiers Model 782
PR-200819,Furniture,Tables,Tables Model 346
PR-200820,Furniture,Tables,Tables Model 820
PR-200821,Technology,Phones,Phones Model 181
PR-200822,Technology,Phones,Phones Model 251
PR-200823,Technology,Machines,Machines Model 229
PR-200824,Technology,Phones,Phones Model 389
PR-200825,Furniture,Bookcases,Bookcases Model 693
PR-200826,Technology,Machines,Machines Model 545
PR-200827,Furniture,Chairs,Chairs Model 759
PR-200828,Office Supplies,Appliances,Appliances Model 846
PR-200829,Office Supplies,Binders,Binders Model 826
PR-200830,Technology,Machines,Machines Model 771
PR-200831,Technology,Copiers,Copiers Model 260
PR-200832,Furniture,Tables,Tables Model 453
PR-200833,Technology,Phones,Phones Model 132
PR-200834,Furniture,Furnishings,Furnishings Model 291
PR-200835,Furniture,Furnishings,Furnishings Model 774
PR-200836,Furniture,Bookcases,Bookcases Model 560
PR-200837,Technology,Copiers,Copiers Model 863
PR-200838,Office Supplies,Paper,Paper Model 774
PR-200839,Furniture,Tables,Tables Model 107
PR-200840,Technology,Copiers,Copiers Model 525
PR-200841,Technology,Machines,Machines Model 996
PR-200842,Furniture,Tables,Tables Model 143
PR-200843,Technology,Accessories,Accessories Model 625
PR-200844,Office Supplies,Paper,Paper Model 384
PR-200845,Technology,Accessories,Accessories Model 527
PR-200846,Technology,Phones,Phones Model 746
PR-200847,Furniture,Bookcases,Bookcases Model 919
PR-200848,Office Supplies,Binders,Binders Model 445
PR-200849,Technology,Phones,Phones Model 594
PR-200850,Office Supplies,Art,Art Model 316
PR-200851,Technology,Copiers,Copiers Model 796
PR-200852,Office Supplies,Appliances,Appliances Model 380
PR-200853,Office Supplies,Paper,Paper Model 641
PR-200854,Office Supplies,Appliances,Appliances Model 726
PR-200855,Technology,Machines,Machines Model 888
PR-200856,Office Supplies,Storage,Storage Model 565
PR-200857,Office Supplies,Appliances,Appliances Model 660
PR-200858,Furniture,Furnishings,Furnishings Model 145
PR-200859,Furniture,Bookcases,Bookcases Model 118
PR-200860,Furniture,Chairs,Chairs Model 585
PR-200861,Furniture,Furnishings,Furnishings Model 723
PR-200862,Office Supplies,Art,Art Model 422
PR-200863,Office Supplies,Art,Art Model 560
PR-200864,Furniture,Bookcases,Bookcases Model 767
PR-200865,Technology,Accessories,Accessories Model 784
PR-200866,Office Supplies,Binders,Binders Model 504
PR-200867,Furniture,Chairs,Chairs Model 643
PR-200868,Technology,Phones,Phones Model 327
PR-200869,Furniture,Tables,Tables Model 506
PR-200870,Technology,Machines,Machines Model 148
PR-200871,Technology,Copiers,Copiers Model 648
PR-200872,Office Supplies,Paper,Paper Model 116
PR-200873,Office Supplies,Binders,Binders Model 887
PR-200874,Office Supplies,Storage,Storage Model 608
PR-200875,Office Supplies,Art,Art Model 646
PR-200876,Office Supplies,Appliances,Appliances Model 394
PR-200877,Technology,Accessories,Accessories Model 498
PR-200878,Office Supplies,Binders,Binders Model 281
PR-200879,Office Supplies,Art,Art Model 114
PR-200880,Office Supplies,Paper,Paper Model 181
PR-200881,Furniture,Tables,Tables Model 591
PR-200882,Technology,Phones,Phones Model 232
PR-200883,Office Supplies,Binders,Binders Model 273
PR-200884,Office Supplies,Binders,Binders Model 787
PR-200885,Furniture,Furnishings,Furnishings Model 265
PR-200886,Furniture,Tables,Tables Model 846
PR-200887,Technology,Copiers,Copiers Model 199
PR-200888,Furniture,Bookcases,Bookcases Model 655
PR-200889,Office Supplies,Appliances,Appliances Model 754
PR-200890,Technology,Phones,Phones Model 259
PR-200891,Technology,Phones,Phones Model 345
PR-200892,Technology,Copiers,Copiers Model 283
PR-200893,Technology,Machines,Machines Model 445
PR-200894,Technology,Machines,Machines Model 623
PR-200895,Technology,Machines,Machines Model 784
PR-200896,Office Supplies,Binders,Binders Model 904
PR-200897,Technology,Copiers,Copiers Model 907
PR-200898,Technology,Copiers,Copiers Model 280
PR-200899,Furniture,Tables,Tables Model 658
PR-200900,Furniture,Chairs,Chairs Model 735
PR-200901,Technology,Phones,Phones Model 266
PR-200902,Technology,Copiers,Copiers Model 264
PR-200903,Office Supplies,Appliances,Appliances Model 298
PR-200904,Furniture,Bookcases,Bookcases Model 130
PR-200905,Furniture,Furnishings,Furnishings Model 911
PR-200906,Furniture,Chairs,Chairs Model 926
PR-200907,Office Supplies,Paper,Paper Model 317
PR-200908,Technology,Accessories,Accessories Model 735
PR-200909,Office Supplies,Paper,Paper Model 892
PR-200910,Office Supplies,Storage,Storage Model 862
PR-200911,Technology,Machines,Machines Model 670
PR-200912,Furniture,Furnishings,Furnishings Model 429
PR-200913,Office Supplies,Binders,Binders Model 303
PR-200914,Technology,Phones,Phones Model 563
PR-200915,Technology,Phones,Phones Model 684
PR-200916,Furniture,Chairs,Chairs Model 780
PR-200917,Furniture,Bookcases,Bookcases Model 525
PR-200918,Office Supplies,Storage,Storage Model 422
PR-200919,Furniture,Chairs,Chairs Model 237
PR-200920,Technology,Phones,Phones Model 707
PR-200921,Technology,Machines,Machines Model 606
PR-200922,Office Supplies,Appliances,Appliances Model 843
PR-200923,Furniture,Chairs,Chairs Model 739
PR-200924,Technology,Copiers,Copiers Model 351
PR-200925,Furniture,Furnishings,Furnishings Model 400
PR-200926,Technology,Phones,Phones Model 156
PR-200927,Furniture,Tables,Tables Model 812
PR-200928,Furniture,Furnishings,Furnishings Model 256
PR-200929,Furniture,Bookcases,Bookcases Model 970
PR-200930,Furniture,Chairs,Chairs Model 643
PR-200931,Furniture,Chairs,Chairs Model 610
PR-200932,Furniture,Bookcases,Bookcases Model 516
PR-200933,Technology,Phones,Phones Model 391
PR-200934,Furniture,Tables,Tables Model 828
PR-200935,Technology,Accessories,Accessories Model 637
PR-200936,Office Supplies,Appliances,Appliances Model 972
PR-200937,Technology,Copiers,Copiers Model 216
PR-200938,Technology,Copiers,Copiers Model 886
PR-200939,Furniture,Bookcases,Bookcases Model 226
PR-200940,Technology,Accessories,Accessories Model 696
PR-200941,Technology,Accessories,Accessories Model 150
PR-200942,Furniture,Bookcases,Bookcases Model 961
PR-200943,Office Supplies,Appliances,Appliances Model 979
PR-200944,Technology,Copiers,Copiers Model 665
PR-200945,Office Supplies,Binders,Binders Model 202
PR-200946,Furniture,Chairs,Chairs Model 419
PR-200947,Furniture,Chairs,Chairs Model 773
PR-200948,Furniture,Bookcases,Bookcases Model 858
PR-200949,Technology,Accessories,Accessories Model 170
PR-200950,Technology,Phones,Phones Model 209
PR-200951,Furniture,Chairs,Chairs Model 580
PR-200952,Furniture,Furnishings,Furnishings Model 654
PR-200953,Technology,Copiers,Copiers Model 262
PR-200954,Office Supplies,Appliances,Appliances Model 913
PR-200955,Technology,Phones,Phones Model 442
PR-200956,Technology,Accessories,Accessories Model 764
PR-200957,Office Supplies,Storage,Storage Model 745
PR-200958,Technology,Machines,Machines Model 323
PR-200959,Office Supplies,Art,Art Model 273
PR-200960,Office Supplies,Appliances,Appliances Model 344
PR-200961,Furniture,Chairs,Chairs Model 797
PR-200962,Office Supplies,Binders,Binders Model 690
PR-200963,Office Supplies,Art,Art Model 604
PR-200964,Office Supplies,Art,Art Model 160
PR-200965,Furniture,Tables,Tables Model 727
PR-200966,Office Supplies,Paper,Paper Model 297
PR-200967,Office Supplies,Binders,Binders Model 452
PR-200968,Technology,Machines,Machines Model 704
PR-200969,Furniture,Bookcases,Bookcases Model 375
PR-200970,Technology,Phones,Phones Model 823
PR-200971,Furniture,Bookcases,Bookcases Model 763
PR-200972,Office Supplies,Paper,Paper Model 101
PR-200973,Technology,Machines,Machines Model 704
PR-200974,Technology,Copiers,Copiers Model 807
PR-200975,Technology,Accessories,Accessories Model 933
PR-200976,Office Supplies,Appliances,Appliances Model 222
PR-200977,Office Supplies,Art,Art Model 235
PR-200978,Office Supplies,Storage,Storage Model 336
PR-200979,Technology,Phones,Phones Model 848
PR-200980,Technology,Machines,Machines Model 236
PR-200981,Technology,Copiers,Copiers Model 215
PR-200982,Office Supplies,Storage,Storage Model 767
PR-200983,Technology,Phones,Phones Model 949
PR-200984,Office Supplies,Storage,Storage Model 523
PR-200985,Technology,Copiers,Copiers Model 311
PR-200986,Furniture,Tables,Tables Model 250
PR-200987,Office Supplies,Storage,Storage Model 989
PR-200988,Furniture,Bookcases,Bookcases Model 520
PR-200989,Furniture,Bookcases,Bookcases Model 554
PR-200990,Office Supplies,Art,Art Model 978
PR-200991,Office Supplies,Art,Art Model 311
PR-200992,Furniture,Bookcases,Bookcases Model 292
PR-200993,Office Supplies,Art,Art Model 601
PR-200994,Furniture,Bookcases,Bookcases Model 547
PR-200995,Technology,Copiers,Copiers Model 103
PR-200996,Furniture,Furnishings,Furnishings Model 262
PR-200997,Technology,Phones,Phones Model 866
PR-200998,Furniture,Bookcases,Bookcases Model 308
PR-200999,Furniture,Chairs,Chairs Model 394
PR-201000,Technology,Copiers,Copiers Model 386
PR-201001,Technology,Machines,Machines Model 887
PR-201002,Technology,Machines,Machines Model 904
PR-201003,Office Supplies,Storage,Storage Model 700
PR-201004,Furniture,Bookcases,Bookcases Model 410
PR-201005,Office Supplies,Art,Art Model 560
PR-201006,Technology,Copiers,Copiers Model 959
PR-201007,Furniture,Furnishings,Furnishings Model 376
PR-201008,Technology,Machines,Machines Model 325
PR-201009,Furniture,Tables,Tables Model 117
PR-201010,Technology,Machines,Machines Model 493
PR-201011,Technology,Accessories,Accessories Model 212
PR-201012,Furniture,Bookcases,Bookcases Model 634
PR-201013,Furniture,Chairs,Chairs Model 378
PR-201014,Office Supplies,Appliances,Appliances Model 918
PR-201015,Furniture,Furnishings,Furnishings Model 120
PR-201016,Technology,Phones,Phones Model 347
PR-201017,Furniture,Bookcases,Bookcases Model 929
PR-201018,Technology,Accessories,Accessories Model 742
PR-201019,Furniture,Chairs,Chairs Model 252
PR-201020,Technology,Copiers,Copiers Model 886
PR-201021,Office Supplies,Appliances,Appliances Model 529
PR-201022,Office Supplies,Binders,Binders Model 101
PR-201023,Furniture,Tables,Tables Model 291
PR-201024,Technology,Copiers,Copiers Model 838
PR-201025,Furniture,Bookcases,Bookcases Model 812
PR-201026,Furniture,Tables,Tables Model 743
PR-201027,Furniture,Bookcases,Bookcases Model 198
PR-201028,Furniture,Furnishings,Furnishings Model 739
PR-201029,Technology,Accessories,Accessories Model 432
PR-201030,Technology,Copiers,Copiers Model 465
PR-201031,Furniture,Tables,Tables Model 645
PR-201032,Furniture,Furnishings,Furnishings Model 333
PR-201033,Furniture,Chairs,Chairs Model 806
PR-201034,Technology,Phones,Phones Model 678
PR-201035,Technology,Accessories,Accessories Model 520
PR-201036,Technology,Accessories,Accessories Model 578
PR-201037,Furniture,Chairs,Chairs Model 205
PR-201038,Office Supplies,Appliances,Appliances Model 551
PR-201039,Office Supplies,Art,Art Model 326
PR-201040,Office Supplies,Art,Art Model 323
PR-201041,Furniture,Chairs,Chairs Model 137
PR-201042,Furniture,Chairs,Chairs Model 701
PR-201043,Furniture,Chairs,Chairs Model 387
PR-201044,Office Supplies,Appliances,Appliances Model 560
PR-201045,Technology,Phones,Phones Model 448
PR-201046,Technology,Phones,Phones Model 195
PR-201047,Furniture,Tables,Tables Model 145
PR-201048,Furniture,Bookcases,Bookcases Model 654
PR-201049,Technology,Phones,Phones Model 962
PR-201050,Furniture,Tables,Tables Model 914
PR-201051,Furniture,Bookcases,Bookcases Model 202
PR-201052,Technology,Accessories,Accessories Model 689
PR-201053,Furniture,Chairs,Chairs Model 537
PR-201054,Office Supplies,Binders,Binders Model 465
PR-201055,Furniture,Tables,Tables Model 127
PR-201056,Office Supplies,Storage,Storage Model 742
PR-201057,Office Supplies,Storage,Storage Model 783
PR-201058,Furniture,Tables,Tables Model 276
PR-201059,Technology,Accessories,Accessories Model 855
PR-201060,Technology,Accessories,Accessories Model 300
PR-201061,Technology,Accessories,Accessories Model 235
PR-201062,Furniture,Furnishings,Furnishings Model 162
PR-201063,Office Supplies,Paper,Paper Model 331
PR-201064,Office Supplies,Art,Art Model 132
PR-201065,Technology,Accessories,Accessories Model 475
PR-201066,Office Supplies,Binders,Binders Model 954
PR-201067,Office Supplies,Paper,Paper Model 257
PR-201068,Office Supplies,Storage,Storage Model 953
PR-201069,Technology,Machines,Machines Model 487
PR-201070,Technology,Accessories,Accessories Model 483
PR-201071,Technology,Accessories,Accessories Model 800
PR-201072,Furniture,Chairs,Chairs Model 186
PR-201073,Technology,Accessories,Accessories Model 174
PR-201074,Technology,Machines,Machines Model 211
PR-201075,Furniture,Tables,Tables Model 816
PR-201076,Technology,Copiers,Copiers Model 830
PR-201077,Office Supplies,Appliances,Appliances Model 793
PR-201078,Office Supplies,Appliances,Appliances Model 699
PR-201079,Furniture,Furnishings,Furnishings Model 261
PR-201080,Office Supplies,Appliances,Appliances Model 776
PR-201081,Office Supplies,Art,Art Model 559
PR-201082,Furniture,Tables,Tables Model 725
PR-201083,Furniture,Bookcases,Bookcases Model 423
PR-201084,Furniture,Tables,Tables Model 851
PR-201085,Technology,Accessories,Accessories Model 515
PR-201086,Furniture,Furnishings,Furnishings Model 891
PR-201087,Office Supplies,Paper,Paper Model 193
PR-201088,Office Supplies,Storage,Storage Model 915
PR-201089,Office Supplies,Art,Art Model 155
PR-201090,Technology,Phones,Phones Model 673
PR-201091,Furniture,Furnishings,Furnishings Model 765
PR-201092,Office Supplies,Art,Art Model 154
PR-201093,Office Supplies,Art,Art Model 651
PR-201094,Technology,Accessories,Accessories Model 346
PR-201095,Technology,Phones,Phones Model 347
PR-201096,Office Supplies,Appliances,Appliances Model 185
PR-201097,Furniture,Chairs,Chairs Model 365
PR-201098,Furniture,Bookcases,Bookcases Model 662
PR-201099,Technology,Accessories,Accessories Model 145
PR-201100,Furniture,Furnishings,Furnishings Model 970
PR-201101,Technology,Accessories,Accessories Model 922
PR-201102,Technology,Phones,Phones Model 630
PR-201103,Technology,Machines,Machines Model 173
PR-201104,Furniture,Chairs,Chairs Model 855
PR-201105,Furniture,Furnishings,Furnishings Model 268
PR-201106,Office Supplies,Binders,Binders Model 967
PR-201107,Furniture,Chairs,Chairs Model 133
PR-201108,Technology,Phones,Phones Model 893
PR-201109,Office Supplies,Storage,Storage Model 983
PR-201110,Office Supplies,Storage,Storage Model 185
PR-201111,Furniture,Tables,Tables Model 875
PR-201112,Office Supplies,Appliances,Appliances Model 183
PR-201113,Technology,Accessories,Accessories Model 592
PR-201114,Technology,Machines,Machines Model 902
PR-201115,Office Supplies,Binders,Binders Model 158
PR-201116,Office Supplies,Appliances,Appliances Model 126
PR-201117,Office Supplies,Art,Art Model 461
PR-201118,Furniture,Furnishings,Furnishings Model 788
PR-201119,Technology,Copiers,Copiers Model 870
PR-201120,Furniture,Bookcases,Bookcases Model 263
PR-201121,Technology,Accessories,Accessories Model 714
PR-201122,Office Supplies,Appliances,Appliances Model 652
PR-201123,Furniture,Bookcases,Bookcases Model 602
PR-201124,Office Supplies,Storage,Storage Model 254
PR-201125,Technology,Copiers,Copiers Model 613
PR-201126,Office Supplies,Storage,Storage Model 421
PR-201127,Furniture,Furnishings,Furnishings Model 141
PR-201128,Office Supplies,Paper,Paper Model 578
PR-201129,Technology,Phones,Phones Model 713
PR-201130,Technology,Phones,Phones Model 777
PR-201131,Furniture,Tables,Tables Model 486
PR-201132,Furniture,Bookcases,Bookcases Model 190
PR-201133,Furniture,Bookcases,Bookcases Model 642
PR-201134,Technology,Machines,Machines Model 486
PR-201135,Office Supplies,Storage,Storage Model 341
PR-201136,Furniture,Tables,Tables Model 916
PR-201137,Furniture,Tables,Tables Model 429
PR-201138,Furniture,Chairs,Chairs Model 474
PR-201139,Furniture,Tables,Tables Model 903
PR-201140,Office Supplies,Paper,Paper Model 847
PR-201141,Technology,Phones,Phones Model 740
PR-201142,Furniture,Chairs,Chairs Model 516
PR-201143,Technology,Accessories,Accessories Model 520
PR-201144,Office Supplies,Appliances,Appliances Model 671
PR-201145,Furniture,Bookcases,Bookcases Model 905
PR-201146,Technology,Accessories,Accessories Model 228
PR-201147,Technology,Phones,Phones Model 374
PR-201148,Technology,Phones,Phones Model 986
PR-201149,Furniture,Bookcases,Bookcases Model 954
PR-201150,Office Supplies,Storage,Storage Model 669
PR-201151,Office Supplies,Storage,Storage Model 367
PR-201152,Office Supplies,Binders,Binders Model 977
PR-201153,Office Supplies,Art,Art Model 660
PR-201154,Furniture,Furnishings,Furnishings Model 354
PR-201155,Office Supplies,Art,Art Model 487
PR-201156,Office Supplies,Art,Art Model 641
PR-201157,Office Supplies,Storage,Storage Model 509
PR-201158,Furniture,Tables,Tables Model 258
PR-201159,Office Supplies,Storage,Storage Model 244
PR-201160,Office Supplies,Paper,Paper Model 733
PR-201161,Office Supplies,Binders,Binders Model 843
PR-201162,Technology,Copiers,Copiers Model 517
PR-201163,Furniture,Tables,Tables Model 121
PR-201164,Technology,Machines,Machines Model 874
PR-201165,Office Supplies,Art,Art Model 477
PR-201166,Office Supplies,Appliances,Appliances Model 541
PR-201167,Technology,Phones,Phones Model 417
PR-201168,Furniture,Chairs,Chairs Model 573
PR-201169,Technology,Machines,Machines Model 398
PR-201170,Office Supplies,Paper,Paper Model 260
PR-201171,Furniture,Bookcases,Bookcases Model 875
PR-201172,Furniture,Chairs,Chairs Model 291
PR-201173,Furniture,Tables,Tables Model 838
PR-201174,Office Supplies,Binders,Binders Model 448
PR-201175,Office Supplies,Art,Art Model 400
PR-201176,Technology,Phones,Phones Model 784
PR-201177,Technology,Machines,Machines Model 486
PR-201178,Furniture,Furnishings,Furnishings Model 911
PR-201179,Furniture,Bookcases,Bookcases Model 625
PR-201180,Office Supplies,Appliances,Appliances Model 617
PR-201181,Technology,Accessories,Accessories Model 848
PR-201182,Technology,Copiers,Copiers Model 347
PR-201183,Office Supplies,Appliances,Appliances Model 631
PR-201184,Technology,Copiers,Copiers Model 439
PR-201185,Office Supplies,Art,Art Model 576
PR-201186,Office Supplies,Storage,Storage Model 789
PR-201187,Office Supplies,Binders,Binders Model 138
PR-201188,Furniture,Chairs,Chairs Model 973
PR-201189,Furniture,Tables,Tables Model 309
PR-201190,Technology,Accessories,Accessories Model 883
PR-201191,Furniture,Tables,Tables Model 948
PR-201192,Office Supplies,Binders,Binders Model 701
PR-201193,Furniture,Chairs,Chairs Model 504
PR-201194,Office Supplies,Art,Art Model 926
PR-201195,Technology,Phones,Phones Model 192
PR-201196,Technology,Machines,Machines Model 638
PR-201197,Furniture,Chairs,Chairs Model 657
PR-201198,Technology,Accessories,Accessories Model 346
PR-201199,Office Supplies,Storage,Storage Model 746
PR-201200,Office Supplies,Art,Art Model 604
PR-201201,Technology,Accessories,Accessories Model 514
PR-201202,Office Supplies,Binders,Binders Model 331
PR-201203,Technology,Machines,Machines Model 975
PR-201204,Technology,Phones,Phones Model 185
PR-201205,Office Supplies,Appliances,Appliances Model 608
PR-201206,Furniture,Furnishings,Furnishings Model 197
PR-201207,Furniture,Furnishings,Furnishings Model 897
PR-201208,Office Supplies,Appliances,Appliances Model 108
PR-201209,Technology,Accessories,Accessories Model 313
PR-201210,Technology,Phones,Phones Model 700
PR-201211,Technology,Copiers,Copiers Model 897
PR-201212,Furniture,Chairs,Chairs Model 662
PR-201213,Technology,Phones,Phones Model 350
PR-201214,Office Supplies,Paper,Paper Model 441
PR-201215,Furniture,Furnishings,Furnishings Model 370
PR-201216,Office Supplies,Binders,Binders Model 942
PR-201217,Office Supplies,Storage,Storage Model 842
PR-201218,Furniture,Chairs,Chairs Model 735
PR-201219,Office Supplies,Art,Art Model 501
PR-201220,Furniture,Bookcases,Bookcases Model 237
PR-201221,Technology,Phones,Phones Model 418
PR-201222,Office Supplies,Storage,Storage Model 927
PR-201223,Technology,Copiers,Copiers Model 211
PR-201224,Office Supplies,Binders,Binders Model 331
PR-201225,Technology,Machines,Machines Model 642
PR-201226,Furniture,Bookcases,Bookcases Model 958
PR-201227,Technology,Accessories,Accessories Model 874
PR-201228,Furniture,Tables,Tables Model 274
PR-201229,Office Supplies,Art,Art Model 320
PR-201230,Office Supplies,Appliances,Appliances Model 617
PR-201231,Technology,Phones,Phones Model 345
PR-201232,Furniture,Bookcases,Bookcases Model 443
PR-201233,Furniture,Furnishings,Furnishings Model 178
PR-201234,Technology,Copiers,Copiers Model 137
PR-201235,Office Supplies,Binders,Binders Model 233
PR-201236,Office Supplies,Appliances,Appliances Model 517
PR-201237,Office Supplies,Storage,Storage Model 949
PR-201238,Furniture,Chairs,Chairs Model 896
PR-201239,Furniture,Tables,Tables Model 604
PR-201240,Furniture,Furnishings,Furnishings Model 545
PR-201241,Office Supplies,Storage,Storage Model 631
PR-201242,Office Supplies,Storage,Storage Model 219
PR-201243,Office Supplies,Art,Art Model 536
PR-201244,Technology,Phones,Phones Model 297
PR-201245,Technology,Accessories,Accessories Model 469
PR-201246,Furniture,Furnishings,Furnishings Model 722
PR-201247,Technology,Phones,Phones Model 495
PR-201248,Technology,Machines,Machines Model 174
PR-201249,Furniture,Tables,Tables Model 202
PR-201250,Technology,Accessories,Accessories Model 360
PR-201251,Furniture,Bookcases,Bookcases Model 153
PR-201252,Furniture,Tables,Tables Model 546
PR-201253,Office Supplies,Storage,Storage Model 597
PR-201254,Office Supplies,Paper,Paper Model 534
PR-201255,Office Supplies,Art,Art Model 736
PR-201256,Technology,Copiers,Copiers Model 397
PR-201257,Office Supplies,Storage,Storage Model 218
PR-201258,Technology,Copiers,Copiers Model 667
PR-201259,Technology,Machines,Machines Model 898
PR-201260,Technology,Copiers,Copiers Model 405
PR-201261,Technology,Machines,Machines Model 983
PR-201262,Office Supplies,Appliances,Appliances Model 854
PR-201263,Office Supplies,Art,Art Model 517
PR-201264,Technology,Accessories,Accessories Model 339
PR-201265,Office Supplies,Binders,Binders Model 729
PR-201266,Office Supplies,Storage,Storage Model 154
PR-201267,Technology,Copiers,Copiers Model 562
PR-201268,Office Supplies,Storage,Storage Model 720
PR-201269,Technology,Copiers,Copiers Model 678
PR-201270,Office Supplies,Storage,Storage Model 922
PR-201271,Furniture,Bookcases,Bookcases Model 687
PR-201272,Technology,Phones,Phones Model 831
PR-201273,Furniture,Bookcases,Bookcases Model 696
PR-201274,Technology,Machines,Machines Model 874
PR-201275,Office Supplies,Appliances,Appliances Model 738
PR-201276,Office Supplies,Paper,Paper Model 885
PR-201277,Office Supplies,Appliances,Appliances Model 927
PR-201278,Furniture,Bookcases,Bookcases Model 950
PR-201279,Office Supplies,Appliances,Appliances Model 877
PR-201280,Office Supplies,Paper,Paper Model 191
PR-201281,Office Supplies,Binders,Binders Model 248
PR-201282,Office Supplies,Binders,Binders Model 693
PR-201283,Furniture,Tables,Tables Model 250
PR-201284,Furniture,Chairs,Chairs Model 401
PR-201285,Technology,Copiers,Copiers Model 683
PR-201286,Office Supplies,Art,Art Model 279
PR-201287,Technology,Phones,Phones Model 289
PR-201288,Technology,Copiers,Copiers Model 899
PR-201289,Technology,Machines,Machines Model 513
PR-201290,Office Supplies,Appliances,Appliances Model 156
PR-201291,Furniture,Chairs,Chairs Model 671
PR-201292,Furniture,Tables,Tables Model 507
PR-201293,Office Supplies,Storage,Storage Model 568
PR-201294,Furniture,Chairs,Chairs Model 757
PR-201295,Furniture,Tables,Tables Model 867
PR-201296,Technology,Copiers,Copiers Model 675
PR-201297,Office Supplies,Art,Art Model 632
PR-201298,Office Supplies,Art,Art Model 433
PR-201299,Office Supplies,Appliances,Appliances Model 470
PR-201300,Office Supplies,Art,Art Model 632
PR-201301,Technology,Phones,Phones Model 956
PR-201302,Furniture,Chairs,Chairs Model 452
PR-201303,Furniture,Chairs,Chairs Model 245
PR-201304,Office Supplies,Appliances,Appliances Model 724
PR-201305,Furniture,Bookcases,Bookcases Model 130
PR-201306,Office Supplies,Art,Art Model 515
PR-201307,Office Supplies,Binders,Binders Model 657
PR-201308,Office Supplies,Art,Art Model 544
PR-201309,Office Supplies,Binders,Binders Model 195
PR-201310,Office Supplies,Paper,Paper Model 686
PR-201311,Furniture,Bookcases,Bookcases Model 516
PR-201312,Office Supplies,Storage,Storage Model 949
PR-201313,Technology,Phones,Phones Model 675
PR-201314,Furniture,Furnishings,Furnishings Model 200
PR-201315,Office Supplies,Art,Art Model 884
PR-201316,Technology,Copiers,Copiers Model 685
PR-201317,Furniture,Chairs,Chairs Model 357
PR-201318,Technology,Copiers,Copiers Model 508
PR-201319,Office Supplies,Art,Art Model 346
PR-201320,Office Supplies,Binders,Binders Model 970
PR-201321,Office Supplies,Binders,Binders Model 741
PR-201322,Technology,Phones,Phones Model 952
PR-201323,Technology,Machines,Machines Model 870
PR-201324,Technology,Phones,Phones Model 106
PR-201325,Office Supplies,Appliances,Appliances Model 544
PR-201326,Office Supplies,Paper,Paper Model 498
PR-201327,Technology,Phones,Phones Model 219
PR-201328,Furniture,Tables,Tables Model 176
PR-201329,Technology,Accessories,Accessories Model 933
PR-201330,Office Supplies,Binders,Binders Model 943
PR-201331,Technology,Phones,Phones Model 167
PR-201332,Furniture,Chairs,Chairs Model 726
PR-201333,Office Supplies,Binders,Binders Model 182
PR-201334,Furniture,Chairs,Chairs Model 978
PR-201335,Office Supplies,Binders,Binders Model 155
PR-201336,Furniture,Furnishings,Furnishings Model 892
PR-201337,Technology,Accessories,Accessories Model 992
PR-201338,Office Supplies,Paper,Paper Model 757
PR-201339,Furniture,Tables,Tables Model 151
PR-201340,Office Supplies,Binders,Binders Model 325
PR-201341,Office Supplies,Binders,Binders Model 376
PR-201342,Technology,Machines,Machines Model 551
PR-201343,Furniture,Bookcases,Bookcases Model 500
PR-201344,Technology,Phones,Phones Model 831
PR-201345,Furniture,Tables,Tables Model 843
PR-201346,Furniture,Furnishings,Furnishings Model 787
PR-201347,Technology,Accessories,Accessories Model 452
PR-201348,Technology,Phones,Phones Model 863
PR-201349,Furniture,Furnishings,Furnishings Model 493
PR-201350,Technology,Accessories,Accessories Model 678
PR-201351,Office Supplies,Appliances,Appliances Model 168
PR-201352,Furniture,Chairs,Chairs Model 506
PR-201353,Office Supplies,Appliances,Appliances Model 369
PR-201354,Technology,Accessories,Accessories Model 303
PR-201355,Technology,Machines,Machines Model 337
PR-201356,Technology,Accessories,Accessories Model 421
PR-201357,Furniture,Tables,Tables Model 307
PR-201358,Furniture,Furnishings,Furnishings Model 211
PR-201359,Furniture,Chairs,Chairs Model 575
PR-201360,Technology,Accessories,Accessories Model 969
PR-201361,Technology,Phones,Phones Model 180
PR-201362,Office Supplies,Art,Art Model 100
PR-201363,Furniture,Chairs,Chairs Model 324
PR-201364,Furniture,Tables,Tables Model 944
PR-201365,Office Supplies,Binders,Binders Model 235
PR-201366,Furniture,Furnishings,Furnishings Model 659
PR-201367,Office Supplies,Binders,Binders Model 485
PR-201368,Technology,Accessories,Accessories Model 323
PR-201369,Furniture,Chairs,Chairs Model 783
PR-201370,Office Supplies,Binders,Binders Model 414
PR-201371,Furniture,Chairs,Chairs Model 843
PR-201372,Technology,Copiers,Copiers Model 148
PR-201373,Technology,Machines,Machines Model 401
PR-201374,Office Supplies,Storage,Storage Model 937
PR-201375,Technology,Machines,Machines Model 382
PR-201376,Furniture,Chairs,Chairs Model 342
PR-201377,Furniture,Tables,Tables Model 798
PR-201378,Furniture,Chairs,Chairs Model 507
PR-201379,Furniture,Chairs,Chairs Model 245
PR-201380,Furniture,Furnishings,Furnishings Model 783
PR-201381,Office Supplies,Art,Art Model 291
PR-201382,Technology,Phones,Phones Model 953
PR-201383,Technology,Phones,Phones Model 999
PR-201384,Furniture,Tables,Tables Model 204
PR-201385,Office Supplies,Art,Art Model 367
PR-201386,Office Supplies,Paper,Paper Model 275
PR-201387,Office Supplies,Appliances,Appliances Model 448
PR-201388,Office Supplies,Paper,Paper Model 903
PR-201389,Office Supplies,Appliances,Appliances Model 548
PR-201390,Technology,Machines,Machines Model 987
PR-201391,Technology,Accessories,Accessories Model 997
PR-201392,Technology,Accessories,Accessories Model 656
PR-201393,Office Supplies,Binders,Binders Model 518
PR-201394,Technology,Copiers,Copiers Model 334
PR-201395,Office Supplies,Paper,Paper Model 856
PR-201396,Technology,Machines,Machines Model 904
PR-201397,Office Supplies,Appliances,Appliances Model 657
PR-201398,Office Supplies,Paper,Paper Model 512
PR-201399,Office Supplies,Storage,Storage Model 564
PR-201400,Furniture,Chairs,Chairs Model 512
PR-201401,Furniture,Tables,Tables Model 514
PR-201402,Office Supplies,Art,Art Model 980
PR-201403,Technology,Copiers,Copiers Model 882
PR-201404,Technology,Machines,Machines Model 653
PR-201405,Technology,Phones,Phones Model 774
PR-201406,Technology,Accessories,Accessories Model 329
PR-201407,Office Supplies,Binders,Binders Model 435
PR-201408,Office Supplies,Art,Art Model 188
PR-201409,Furniture,Bookcases,Bookcases Model 115
PR-201410,Furniture,Furnishings,Furnishings Model 207
PR-201411,Office Supplies,Binders,Binders Model 514
PR-201412,Office Supplies,Art,Art Model 850
PR-201413,Technology,Accessories,Accessories Model 174
PR-201414,Office Supplies,Art,Art Model 435
PR-201415,Office Supplies,Paper,Paper Model 567
PR-201416,Office Supplies,Storage,Storage Model 670
PR-201417,Office Supplies,Appliances,Appliances Model 891
PR-201418,Office Supplies,Binders,Binders Model 340
PR-201419,Furniture,Bookcases,Bookcases Model 902
PR-201420,Office Supplies,Storage,Storage Model 262
PR-201421,Technology,Phones,Phones Model 971
PR-201422,Furniture,Chairs,Chairs Model 719
PR-201423,Office Supplies,Art,Art Model 778
PR-201424,Office Supplies,Paper,Paper Model 836
PR-201425,Office Supplies,Binders,Binders Model 619
PR-201426,Furniture,Tables,Tables Model 405
PR-201427,Office Supplies,Binders,Binders Model 966
PR-201428,Office Supplies,Appliances,Appliances Model 624
PR-201429,Office Supplies,Storage,Storage Model 762
PR-201430,Technology,Copiers,Copiers Model 455
PR-201431,Furniture,Furnishings,Furnishings Model 929
PR-201432,Technology,Machines,Machines Model 193
PR-201433,Furniture,Tables,Tables Model 340
PR-201434,Office Supplies,Paper,Paper Model 558
PR-201435,Furniture,Furnishings,Furnishings Model 300
PR-201436,Office Supplies,Art,Art Model 126
PR-201437,Office Supplies,Paper,Paper Model 381
PR-201438,Furniture,Chairs,Chairs Model 728
PR-201439,Technology,Machines,Machines Model 606
PR-201440,Office Supplies,Appliances,Appliances Model 604
PR-201441,Furniture,Tables,Tables Model 977
PR-201442,Office Supplies,Appliances,Appliances Model 546
PR-201443,Office Supplies,Paper,Paper Model 835
PR-201444,Technology,Accessories,Accessories Model 427
PR-201445,Office Supplies,Appliances,Appliances Model 300
PR-201446,Furniture,Chairs,Chairs Model 909
PR-201447,Office Supplies,Appliances,Appliances Model 425
PR-201448,Office Supplies,Appliances,Appliances Model 100
PR-201449,Furniture,Tables,Tables Model 798
PR-201450,Office Supplies,Art,Art Model 477
PR-201451,Technology,Copiers,Copiers Model 130
PR-201452,Office Supplies,Binders,Binders Model 873
PR-201453,Furniture,Furnishings,Furnishings Model 845
PR-201454,Office Supplies,Binders,Binders Model 802
PR-201455,Furniture,Chairs,Chairs Model 131
PR-201456,Office Supplies,Storage,Storage Model 271
PR-201457,Furniture,Tables,Tables Model 897
PR-201458,Office Supplies,Binders,Binders Model 972
PR-201459,Furniture,Bookcases,Bookcases Model 357
PR-201460,Technology,Machines,Machines Model 571
PR-201461,Office Supplies,Paper,Paper Model 300
PR-201462,Technology,Copiers,Copiers Model 946
PR-201463,Office Supplies,Binders,Binders Model 290
PR-201464,Office Supplies,Art,Art Model 749
PR-201465,Technology,Copiers,Copiers Model 908
PR-201466,Furniture,Tables,Tables Model 987
PR-201467,Technology,Phones,Phones Model 448
PR-201468,Furniture,Tables,Tables Model 366
PR-201469,Technology,Copiers,Copiers Model 291
PR-201470,Office Supplies,Binders,Binders Model 839
PR-201471,Furniture,Tables,Tables Model 451
PR-201472,Furniture,Tables,Tables Model 689
PR-201473,Technology,Machines,Machines Model 703
PR-201474,Technology,Accessories,Accessories Model 451
PR-201475,Office Supplies,Appliances,Appliances Model 900
PR-201476,Office Supplies,Binders,Binders Model 204
PR-201477,Technology,Phones,Phones Model 673
PR-201478,Office Supplies,Paper,Paper Model 478
PR-201479,Furniture,Chairs,Chairs Model 761
PR-201480,Furniture,Bookcases,Bookcases Model 495
PR-201481,Office Supplies,Binders,Binders Model 116
PR-201482,Office Supplies,Binders,Binders Model 874
PR-201483,Furniture,Bookcases,Bookcases Model 944
PR-201484,Furniture,Tables,Tables Model 107
PR-201485,Technology,Copiers,Copiers Model 743
PR-201486,Office Supplies,Storage,Storage Model 998
PR-201487,Office Supplies,Appliances,Appliances Model 944
PR-201488,Office Supplies,Storage,Storage Model 952
PR-201489,Technology,Machines,Machines Model 713
PR-201490,Furniture,Tables,Tables Model 148
PR-201491,Technology,Copiers,Copiers Model 695
PR-201492,Technology,Copiers,Copiers Model 912
PR-201493,Technology,Phones,Phones Model 958
PR-201494,Furniture,Tables,Tables Model 503
PR-201495,Furniture,Chairs,Chairs Model 433
PR-201496,Furniture,Furnishings,Furnishings Model 210
PR-201497,Furniture,Bookcases,Bookcases Model 307
PR-201498,Technology,Accessories,Accessories Model 846
PR-201499,Technology,Copiers,Copiers Model 734
PR-201500,Technology,Machines,Machines Model 587
PR-201501,Office Supplies,Appliances,Appliances Model 199
PR-201502,Technology,Machines,Machines Model 558
PR-201503,Furniture,Chairs,Chairs Model 116
PR-201504,Office Supplies,Binders,Binders Model 966
PR-201505,Technology,Phones,Phones Model 390
PR-201506,Technology,Phones,Phones Model 894
PR-201507,Furniture,Tables,Tables Model 567
PR-201508,Furniture,Chairs,Chairs Model 812
PR-201509,Office Supplies,Appliances,Appliances Model 584
PR-201510,Office Supplies,Storage,Storage Model 719
PR-201511,Office Supplies,Art,Art Model 875
PR-201512,Furniture,Chairs,Chairs Model 378
PR-201513,Furniture,Tables,Tables Model 340
PR-201514,Office Supplies,Appliances,Appliances Model 671
PR-201515,Furniture,Furnishings,Furnishings Model 266
PR-201516,Technology,Copiers,Copiers Model 670
PR-201517,Furniture,Furnishings,Furnishings Model 159
PR-201518,Furniture,Furnishings,Furnishings Model 911
PR-201519,Furniture,Furnishings,Furnishings Model 386
PR-201520,Furniture,Tables,Tables Model 241
PR-201521,Furniture,Bookcases,Bookcases Model 622
PR-201522,Furniture,Bookcases,Bookcases Model 654
PR-201523,Office Supplies,Binders,Binders Model 850
PR-201524,Office Supplies,Paper,Paper Model 472
PR-201525,Furniture,Bookcases,Bookcases Model 282
PR-201526,Office Supplies,Art,Art Model 411
PR-201527,Office Supplies,Storage,Storage Model 184
PR-201528,Office Supplies,Paper,Paper Model 440
PR-201529,Technology,Accessories,Accessories Model 971
PR-201530,Technology,Phones,Phones Model 143
PR-201531,Technology,Copiers,Copiers Model 481
PR-201532,Office Supplies,Art,Art Model 700
PR-201533,Office Supplies,Art,Art Model 174
PR-201534,Technology,Accessories,Accessories Model 758
PR-201535,Technology,Copiers,Copiers Model 989
PR-201536,Furniture,Chairs,Chairs Model 313
PR-201537,Technology,Copiers,Copiers Model 448
PR-201538,Furniture,Chairs,Chairs Model 634
PR-201539,Technology,Machines,Machines Model 668
PR-201540,Office Supplies,Art,Art Model 798
PR-201541,Technology,Copiers,Copiers Model 410
PR-201542,Furniture,Furnishings,Furnishings Model 495
PR-201543,Office Supplies,Appliances,Appliances Model 833
PR-201544,Furniture,Tables,Tables Model 611
PR-201545,Office Supplies,Art,Art Model 533
PR-201546,Furniture,Furnishings,Furnishings Model 836
PR-201547,Furniture,Furnishings,Furnishings Model 253
PR-201548,Office Supplies,Storage,Storage Model 232
PR-201549,Furniture,Tables,Tables Model 477
PR-201550,Furniture,Tables,Tables Model 171
PR-201551,Office Supplies,Art,Art Model 924
PR-201552,Technology,Phones,Phones Model 854
PR-201553,Technology,Accessories,Accessories Model 956
PR-201554,Technology,Accessories,Accessories Model 304
PR-201555,Office Supplies,Art,Art Model 999
PR-201556,Office Supplies,Storage,Storage Model 741
PR-201557,Furniture,Chairs,Chairs Model 160
PR-201558,Furniture,Chairs,Chairs Model 192
PR-201559,Office Supplies,Art,Art Model 525
PR-201560,Furniture,Furnishings,Furnishings Model 263
PR-201561,Technology,Machines,Machines Model 453
PR-201562,Technology,Accessories,Accessories Model 885
PR-201563,Furniture,Furnishings,Furnishings Model 631
PR-201564,Office Supplies,Storage,Storage Model 781
PR-201565,Furniture,Tables,Tables Model 905
PR-201566,Technology,Copiers,Copiers Model 591
PR-201567,Furniture,Bookcases,Bookcases Model 366
PR-201568,Office Supplies,Binders,Binders Model 675
PR-201569,Office Supplies,Binders,Binders Model 595
PR-201570,Technology,Machines,Machines Model 258
PR-201571,Office Supplies,Storage,Storage Model 433
PR-201572,Technology,Phones,Phones Model 623
PR-201573,Office Supplies,Paper,Paper Model 491
PR-201574,Office Supplies,Appliances,Appliances Model 346
PR-201575,Office Supplies,Storage,Storage Model 501
PR-201576,Technology,Accessories,Accessories Model 835
PR-201577,Furniture,Chairs,Chairs Model 760
PR-201578,Furniture,Tables,Tables Model 164
PR-201579,Furniture,Tables,Tables Model 303
PR-201580,Furniture,Tables,Tables Model 678
PR-201581,Office Supplies,Appliances,Appliances Model 290
PR-201582,Technology,Copiers,Copiers Model 286
PR-201583,Technology,Accessories,Accessories Model 690
PR-201584,Office Supplies,Appliances,Appliances Model 319
PR-201585,Office Supplies,Paper,Paper Model 275
PR-201586,Technology,Machines,Machines Model 918
PR-201587,Furniture,Chairs,Chairs Model 755
PR-201588,Furniture,Tables,Tables Model 666
PR-201589,Office Supplies,Art,Art Model 342
PR-201590,Technology,Copiers,Copiers Model 768
PR-201591,Furniture,Tables,Tables Model 908
PR-201592,Office Supplies,Appliances,Appliances Model 308
PR-201593,Furniture,Bookcases,Bookcases Model 373
PR-201594,Furniture,Chairs,Chairs Model 600
PR-201595,Office Supplies,Paper,Paper Model 854
PR-201596,Office Supplies,Paper,Paper Model 324
PR-201597,Technology,Machines,Machines Model 396
PR-201598,Technology,Phones,Phones Model 684
PR-201599,Furniture,Bookcases,Bookcases Model 986
PR-201600,Furniture,Furnishings,Furnishings Model 725
PR-201601,Office Supplies,Storage,Storage Model 284
PR-201602,Furniture,Furnishings,Furnishings Model 102
PR-201603,Technology,Accessories,Accessories Model 550
PR-201604,Technology,Accessories,Accessories Model 156
PR-201605,Furniture,Tables,Tables Model 782
PR-201606,Office Supplies,Paper,Paper Model 877
PR-201607,Office Supplies,Paper,Paper Model 836
PR-201608,Technology,Accessories,Accessories Model 602
PR-201609,Office Supplies,Binders,Binders Model 241
PR-201610,Office Supplies,Appliances,Appliances Model 631
PR-201611,Technology,Accessories,Accessories Model 252
PR-201612,Technology,Phones,Phones Model 237
PR-201613,Furniture,Furnishings,Furnishings Model 846
PR-201614,Office Supplies,Storage,Storage Model 661
PR-201615,Technology,Accessories,Accessories Model 138
PR-201616,Technology,Copiers,Copiers Model 879
PR-201617,Office Supplies,Paper,Paper Model 721
PR-201618,Office Supplies,Paper,Paper Model 631
PR-201619,Office Supplies,Appliances,Appliances Model 984
PR-201620,Office Supplies,Paper,Paper Model 457
PR-201621,Office Supplies,Art,Art Model 809
PR-201622,Office Supplies,Binders,Binders Model 783
PR-201623,Office Supplies,Binders,Binders Model 289
PR-201624,Technology,Machines,Machines Model 162
PR-201625,Technology,Accessories,Accessories Model 117
PR-201626,Furniture,Bookcases,Bookcases Model 341
PR-201627,Furniture,Chairs,Chairs Model 934
PR-201628,Office Supplies,Appliances,Appliances Model 428
PR-201629,Technology,Machines,Machines Model 168
PR-201630,Furniture,Tables,Tables Model 315
PR-201631,Office Supplies,Appliances,Appliances Model 988
PR-201632,Technology,Phones,Phones Model 897
PR-201633,Technology,Accessories,Accessories Model 897
PR-201634,Office Supplies,Appliances,Appliances Model 867
PR-201635,Furniture,Chairs,Chairs Model 194
PR-201636,Furniture,Tables,Tables Model 589
PR-201637,Furniture,Tables,Tables Model 158
PR-201638,Office Supplies,Art,Art Model 105
PR-201639,Office Supplies,Paper,Paper Model 581
PR-201640,Technology,Accessories,Accessories Model 803
PR-201641,Office Supplies,Paper,Paper Model 195
PR-201642,Office Supplies,Storage,Storage Model 248
PR-201643,Furniture,Chairs,Chairs Model 748
PR-201644,Technology,Accessories,Accessories Model 218
PR-201645,Technology,Accessories,Accessories Model 220
PR-201646,Office Supplies,Paper,Paper Model 519
PR-201647,Furniture,Tables,Tables Model 154
PR-201648,Technology,Phones,Phones Model 218
PR-201649,Technology,Machines,Machines Model 512
PR-201650,Technology,Accessories,Accessories Model 285
PR-201651,Technology,Phones,Phones Model 732
PR-201652,Office Supplies,Storage,Storage Model 557
PR-201653,Technology,Copiers,Copiers Model 777
PR-201654,Office Supplies,Appliances,Appliances Model 878
PR-201655,Furniture,Tables,Tables Model 302
PR-201656,Office Supplies,Art,Art Model 137
PR-201657,Furniture,Tables,Tables Model 541
PR-201658,Furniture,Bookcases,Bookcases Model 313
PR-201659,Office Supplies,Storage,Storage Model 776
PR-201660,Technology,Machines,Machines Model 766
PR-201661,Office Supplies,Binders,Binders Model 895
PR-201662,Office Supplies,Storage,Storage Model 253
PR-201663,Furniture,Tables,Tables Model 202
PR-201664,Technology,Copiers,Copiers Model 123
PR-201665,Office Supplies,Paper,Paper Model 740
PR-201666,Office Supplies,Art,Art Model 445
PR-201667,Technology,Copiers,Copiers Model 237
PR-201668,Technology,Copiers,Copiers Model 484
PR-201669,Technology,Phones,Phones Model 960
PR-201670,Office Supplies,Art,Art Model 817
PR-201671,Furniture,Bookcases,Bookcases Model 838
PR-201672,Furniture,Chairs,Chairs Model 929
PR-201673,Office Supplies,Storage,Storage Model 924
PR-201674,Technology,Copiers,Copiers Model 231
PR-201675,Office Supplies,Appliances,Appliances Model 608
PR-201676,Technology,Phones,Phones Model 334
PR-201677,Furniture,Chairs,Chairs Model 245
PR-201678,Furniture,Tables,Tables Model 534
PR-201679,Furniture,Bookcases,Bookcases Model 652
PR-201680,Furniture,Furnishings,Furnishings Model 414
PR-201681,Technology,Accessories,Accessories Model 966
PR-201682,Technology,Copiers,Copiers Model 176
PR-201683,Office Supplies,Art,Art Model 126
PR-201684,Technology,Machines,Machines Model 155
PR-201685,Furniture,Chairs,Chairs Model 470
PR-201686,Office Supplies,Art,Art Model 590
PR-201687,Technology,Machines,Machines Model 384
PR-201688,Technology,Accessories,Accessories Model 713
PR-201689,Office Supplies,Storage,Storage Model 553
PR-201690,Office Supplies,Storage,Storage Model 541
PR-201691,Furniture,Chairs,Chairs Model 522
PR-201692,Technology,Accessories,Accessories Model 229
PR-201693,Furniture,Chairs,Chairs Model 450
PR-201694,Furniture,Bookcases,Bookcases Model 984
PR-201695,Technology,Phones,Phones Model 327
PR-201696,Office Supplies,Binders,Binders Model 133
PR-201697,Technology,Phones,Phones Model 227
PR-201698,Technology,Copiers,Copiers Model 515
PR-201699,Furniture,Furnishings,Furnishings Model 477
PR-201700,Furniture,Bookcases,Bookcases Model 737
PR-201701,Technology,Copiers,Copiers Model 553
PR-201702,Office Supplies,Binders,Binders Model 480
PR-201703,Furniture,Furnishings,Furnishings Model 963
PR-201704,Technology,Accessories,Accessories Model 357
PR-201705,Furniture,Chairs,Chairs Model 240
PR-201706,Furniture,Furnishings,Furnishings Model 544
PR-201707,Technology,Phones,Phones Model 145
PR-201708,Office Supplies,Storage,Storage Model 887
PR-201709,Technology,Phones,Phones Model 139
PR-201710,Technology,Phones,Phones Model 925
PR-201711,Office Supplies,Paper,Paper Model 667
PR-201712,Technology,Phones,Phones Model 560
PR-201713,Furniture,Bookcases,Bookcases Model 881
PR-201714,Technology,Machines,Machines Model 265
PR-201715,Furniture,Chairs,Chairs Model 657
PR-201716,Technology,Phones,Phones Model 931
PR-201717,Office Supplies,Binders,Binders Model 558
PR-201718,Technology,Accessories,Accessories Model 706
PR-201719,Technology,Phones,Phones Model 450
PR-201720,Office Supplies,Storage,Storage Model 574
PR-201721,Technology,Accessories,Accessories Model 620
PR-201722,Technology,Machines,Machines Model 563
PR-201723,Technology,Accessories,Accessories Model 155
PR-201724,Furniture,Tables,Tables Model 440
PR-201725,Technology,Phones,Phones Model 932
PR-201726,Furniture,Bookcases,Bookcases Model 643
PR-201727,Furniture,Furnishings,Furnishings Model 407
PR-201728,Technology,Machines,Machines Model 279
PR-201729,Technology,Accessories,Accessories Model 125
PR-201730,Technology,Machines,Machines Model 286
PR-201731,Furniture,Bookcases,Bookcases Model 557
PR-201732,Furniture,Furnishings,Furnishings Model 710
PR-201733,Furniture,Furnishings,Furnishings Model 130
PR-201734,Technology,Phones,Phones Model 674
PR-201735,Technology,Copiers,Copiers Model 303
PR-201736,Office Supplies,Art,Art Model 721
PR-201737,Furniture,Tables,Tables Model 942
PR-201738,Furniture,Bookcases,Bookcases Model 958
PR-201739,Furniture,Furnishings,Furnishings Model 547
PR-201740,Technology,Phones,Phones Model 461
PR-201741,Office Supplies,Storage,Storage Model 637
PR-201742,Technology,Accessories,Accessories Model 816
PR-201743,Furniture,Chairs,Chairs Model 132
PR-201744,Technology,Copiers,Copiers Model 512
PR-201745,Furniture,Furnishings,Furnishings Model 202
PR-201746,Furniture,Bookcases,Bookcases Model 741
PR-201747,Office Supplies,Storage,Storage Model 873
PR-201748,Technology,Phones,Phones Model 151
PR-201749,Furniture,Furnishings,Furnishings Model 782
PR-201750,Furniture,Chairs,Chairs Model 358
PR-201751,Technology,Phones,Phones Model 866
PR-201752,Office Supplies,Binders,Binders Model 699
PR-201753,Technology,Phones,Phones Model 940
PR-201754,Office Supplies,Appliances,Appliances Model 875
PR-201755,Office Supplies,Binders,Binders Model 687
PR-201756,Technology,Copiers,Copiers Model 355
PR-201757,Office Supplies,Storage,Storage Model 424
PR-201758,Technology,Phones,Phones Model 361
PR-201759,Office Supplies,Appliances,Appliances Model 613
PR-201760,Technology,Copiers,Copiers Model 762
PR-201761,Office Supplies,Paper,Paper Model 504
PR-201762,Office Supplies,Appliances,Appliances Model 604
PR-201763,Office Supplies,Art,Art Model 763
PR-201764,Technology,Accessories,Accessories Model 574
PR-201765,Office Supplies,Paper,Paper Model 801
PR-201766,Technology,Machines,Machines Model 491
PR-201767,Office Supplies,Appliances,Appliances Model 867
PR-201768,Furniture,Chairs,Chairs Model 520
PR-201769,Furniture,Chairs,Chairs Model 252
PR-201770,Technology,Machines,Machines Model 393
PR-201771,Technology,Machines,Machines Model 591
PR-201772,Office Supplies,Binders,Binders Model 354
PR-201773,Technology,Accessories,Accessories Model 880
PR-201774,Furniture,Furnishings,Furnishings Model 287
PR-201775,Technology,Copiers,Copiers Model 696
PR-201776,Office Supplies,Storage,Storage Model 725
PR-201777,Furniture,Chairs,Chairs Model 168
PR-201778,Office Supplies,Binders,Binders Model 269
PR-201779,Furniture,Tables,Tables Model 126
PR-201780,Technology,Machines,Machines Model 152
PR-201781,Office Supplies,Paper,Paper Model 939
PR-201782,Office Supplies,Art,Art Model 208
PR-201783,Technology,Machines,Machines Model 156
PR-201784,Technology,Phones,Phones Model 745
PR-201785,Office Supplies,Binders,Binders Model 197
PR-201786,Office Supplies,Storage,Storage Model 340
PR-201787,Furniture,Furnishings,Furnishings Model 250
PR-201788,Technology,Phones,Phones Model 555
PR-201789,Technology,Copiers,Copiers Model 777
PR-201790,Office Supplies,Storage,Storage Model 934
PR-201791,Technology,Machines,Machines Model 366
PR-201792,Furniture,Tables,Tables Model 264
PR-201793,Technology,Machines,Machines Model 464
PR-201794,Office Supplies,Appliances,Appliances Model 855
PR-201795,Technology,Machines,Machines Model 619
PR-201796,Furniture,Furnishings,Furnishings Model 111
PR-201797,Office Supplies,Art,Art Model 163
PR-201798,Technology,Copiers,Copiers Model 653
PR-201799,Technology,Machines,Machines Model 585
PR-201800,Furniture,Furnishings,Furnishings Model 782
PR-201801,Technology,Accessories,Accessories Model 962
PR-201802,Technology,Machines,Machines Model 676
PR-201803,Technology,Copiers,Copiers Model 709
PR-201804,Furniture,Chairs,Chairs Model 882
PR-201805,Office Supplies,Storage,Storage Model 261
PR-201806,Office Supplies,Paper,Paper Model 790
PR-201807,Office Supplies,Binders,Binders Model 910
PR-201808,Technology,Machines,Machines Model 673
PR-201809,Office Supplies,Art,Art Model 574
PR-201810,Office Supplies,Paper,Paper Model 692
PR-201811,Office Supplies,Paper,Paper Model 780
PR-201812,Office Supplies,Storage,Storage Model 373
PR-201813,Technology,Copiers,Copiers Model 334
PR-201814,Office Supplies,Storage,Storage Model 364
PR-201815,Technology,Machines,Machines Model 215
PR-201816,Furniture,Furnishings,Furnishings Model 145
PR-201817,Furniture,Tables,Tables Model 281
PR-201818,Furniture,Bookcases,Bookcases Model 790
PR-201819,Office Supplies,Appliances,Appliances Model 671
PR-201820,Technology,Copiers,Copiers Model 840
PR-201821,Furniture,Bookcases,Bookcases Model 209
PR-201822,Furniture,Furnishings,Furnishings Model 286
PR-201823,Furniture,Chairs,Chairs Model 719
PR-201824,Furniture,Bookcases,Bookcases Model 955
PR-201825,Office Supplies,Paper,Paper Model 492
PR-201826,Office Supplies,Art,Art Model 837
PR-201827,Furniture,Furnishings,Furnishings Model 126
PR-201828,Furniture,Furnishings,Furnishings Model 623
PR-201829,Furniture,Tables,Tables Model 166
PR-201830,Furniture,Chairs,Chairs Model 256
PR-201831,Office Supplies,Binders,Binders Model 204
PR-201832,Furniture,Tables,Tables Model 263
PR-201833,Furniture,Tables,Tables Model 945
PR-201834,Office Supplies,Paper,Paper Model 381
PR-201835,Office Supplies,Appliances,Appliances Model 228
PR-201836,Technology,Accessories,Accessories Model 372
PR-201837,Office Supplies,Paper,Paper Model 645
PR-201838,Office Supplies,Appliances,Appliances Model 333
PR-201839,Office Supplies,Storage,Storage Model 546
PR-201840,Technology,Copiers,Copiers Model 504
PR-201841,Furniture,Tables,Tables Model 870
PR-201842,Office Supplies,Paper,Paper Model 716
PR-201843,Office Supplies,Storage,Storage Model 535
PR-201844,Technology,Phones,Phones Model 191
PR-201845,Furniture,Chairs,Chairs Model 319
PR-201846,Technology,Accessories,Accessories Model 466
PR-201847,Office Supplies,Appliances,Appliances Model 755
PR-201848,Technology,Accessories,Accessories Model 831
PR-201849,Furniture,Chairs,Chairs Model 338
PR-201850,Technology,Machines,Machines Model 836
PR-201851,Furniture,Chairs,Chairs Model 449
PR-201852,Technology,Accessories,Accessories Model 144
PR-201853,Furniture,Bookcases,Bookcases Model 669
PR-201854,Office Supplies,Storage,Storage Model 510
PR-201855,Furniture,Chairs,Chairs Model 269
PR-201856,Furniture,Bookcases,Bookcases Model 868
PR-201857,Furniture,Furnishings,Furnishings Model 248
PR-201858,Furniture,Chairs,Chairs Model 731
PR-201859,Technology,Machines,Machines Model 425
PR-201860,Office Supplies,Storage,Storage Model 993
PR-201861,Technology,Copiers,Copiers Model 380
PR-201862,Technology,Machines,Machines Model 511
PR-201863,Technology,Machines,Machines Model 873
PR-201864,Office Supplies,Paper,Paper Model 865
PR-201865,Technology,Accessories,Accessories Model 816
PR-201866,Furniture,Chairs,Chairs Model 659
PR-201867,Office Supplies,Storage,Storage Model 987
PR-201868,Furniture,Furnishings,Furnishings Model 953
PR-201869,Office Supplies,Art,Art Model 199
PR-201870,Furniture,Chairs,Chairs Model 553
PR-201871,Furniture,Furnishings,Furnishings Model 629
PR-201872,Technology,Accessories,Accessories Model 959
PR-201873,Furniture,Tables,Tables Model 503
PR-201874,Office Supplies,Paper,Paper Model 371
PR-201875,Office Supplies,Paper,Paper Model 731
PR-201876,Office Supplies,Appliances,Appliances Model 732
PR-201877,Technology,Machines,Machines Model 813
PR-201878,Office Supplies,Appliances,Appliances Model 550
PR-201879,Furniture,Furnishings,Furnishings Model 680
PR-201880,Furniture,Chairs,Chairs Model 435
PR-201881,Furniture,Bookcases,Bookcases Model 421
PR-201882,Office Supplies,Storage,Storage Model 213
PR-201883,Technology,Accessories,Accessories Model 839
PR-201884,Office Supplies,Art,Art Model 159
PR-201885,Office Supplies,Paper,Paper Model 469
PR-201886,Technology,Machines,Machines Model 811
PR-201887,Technology,Copiers,Copiers Model 216
PR-201888,Technology,Machines,Machines Model 180
PR-201889,Furniture,Chairs,Chairs Model 332
PR-201890,Office Supplies,Appliances,Appliances Model 870
PR-201891,Office Supplies,Paper,Paper Model 312
PR-201892,Furniture,Bookcases,Bookcases Model 354
PR-201893,Furniture,Tables,Tables Model 202
PR-201894,Office Supplies,Appliances,Appliances Model 366
PR-201895,Furniture,Bookcases,Bookcases Model 713
PR-201896,Technology,Machines,Machines Model 597
PR-201897,Technology,Phones,Phones Model 125
PR-201898,Office Supplies,Appliances,Appliances Model 408
PR-201899,Technology,Copiers,Copiers Model 643
PR-201900,Office Supplies,Binders,Binders Model 283
PR-201901,Technology,Copiers,Copiers Model 485
PR-201902,Furniture,Bookcases,Bookcases Model 904
PR-201903,Office Supplies,Appliances,Appliances Model 728
PR-201904,Furniture,Furnishings,Furnishings Model 609
PR-201905,Furniture,Chairs,Chairs Model 434
PR-201906,Furniture,Bookcases,Bookcases Model 265
PR-201907,Technology,Copiers,Copiers Model 422
PR-201908,Furniture,Bookcases,Bookcases Model 601
PR-201909,Furniture,Bookcases,Bookcases Model 650
PR-201910,Technology,Machines,Machines Model 901
PR-201911,Furniture,Bookcases,Bookcases Model 326
PR-201912,Technology,Phones,Phones Model 535
PR-201913,Technology,Accessories,Accessories Model 977
PR-201914,Furniture,Bookcases,Bookcases Model 918
PR-201915,Furniture,Furnishings,Furnishings Model 902
PR-201916,Technology,Accessories,Accessories Model 888
PR-201917,Furniture,Bookcases,Bookcases Model 817
PR-201918,Furniture,Chairs,Chairs Model 211
PR-201919,Furniture,Bookcases,Bookcases Model 718
PR-201920,Office Supplies,Binders,Binders Model 334
PR-201921,Technology,Phones,Phones Model 811
PR-201922,Office Supplies,Paper,Paper Model 264
PR-201923,Technology,Phones,Phones Model 279
PR-201924,Technology,Copiers,Copiers Model 285
PR-201925,Furniture,Furnishings,Furnishings Model 589
PR-201926,Office Supplies,Paper,Paper Model 418
PR-201927,Furniture,Tables,Tables Model 882
PR-201928,Furniture,Chairs,Chairs Model 499
PR-201929,Technology,Phones,Phones Model 180
PR-201930,Technology,Copiers,Copiers Model 826
PR-201931,Technology,Phones,Phones Model 481
PR-201932,Office Supplies,Binders,Binders Model 646
PR-201933,Office Supplies,Paper,Paper Model 161
PR-201934,Technology,Phones,Phones Model 210
PR-201935,Furniture,Furnishings,Furnishings Model 592
PR-201936,Office Supplies,Paper,Paper Model 672
PR-201937,Technology,Accessories,Accessories Model 995
PR-201938,Technology,Accessories,Accessories Model 691
PR-201939,Office Supplies,Binders,Binders Model 554
PR-201940,Technology,Copiers,Copiers Model 556
PR-201941,Technology,Machines,Machines Model 911
PR-201942,Furniture,Tables,Tables Model 753
PR-201943,Furniture,Chairs,Chairs Model 250
PR-201944,Office Supplies,Storage,Storage Model 268
PR-201945,Technology,Accessories,Accessories Model 641
PR-201946,Furniture,Tables,Tables Model 853
PR-201947,Furniture,Bookcases,Bookcases Model 333
PR-201948,Furniture,Bookcases,Bookcases Model 813
PR-201949,Office Supplies,Paper,Paper Model 987
PR-201950,Office Supplies,Storage,Storage Model 572
PR-201951,Office Supplies,Binders,Binders Model 938
PR-201952,Office Supplies,Art,Art Model 477
PR-201953,Furniture,Tables,Tables Model 417
PR-201954,Technology,Phones,Phones Model 787
PR-201955,Office Supplies,Art,Art Model 615
PR-201956,Furniture,Bookcases,Bookcases Model 470
PR-201957,Furniture,Chairs,Chairs Model 132
PR-201958,Office Supplies,Paper,Paper Model 360
PR-201959,Furniture,Bookcases,Bookcases Model 392
PR-201960,Office Supplies,Paper,Paper Model 446
PR-201961,Office Supplies,Art,Art Model 990
PR-201962,Technology,Phones,Phones Model 214
PR-201963,Technology,Accessories,Accessories Model 257
PR-201964,Office Supplies,Paper,Paper Model 392
PR-201965,Office Supplies,Appliances,Appliances Model 883
PR-201966,Office Supplies,Paper,Paper Model 798
PR-201967,Office Supplies,Storage,Storage Model 561
PR-201968,Furniture,Furnishings,Furnishings Model 882
PR-201969,Technology,Accessories,Accessories Model 780
PR-201970,Furniture,Tables,Tables Model 601
PR-201971,Technology,Phones,Phones Model 296
PR-201972,Office Supplies,Appliances,Appliances Model 488
PR-201973,Office Supplies,Art,Art Model 939
PR-201974,Technology,Machines,Machines Model 462
PR-201975,Office Supplies,Storage,Storage Model 770
PR-201976,Office Supplies,Storage,Storage Model 920
PR-201977,Technology,Machines,Machines Model 352
PR-201978,Technology,Copiers,Copiers Model 436
PR-201979,Office Supplies,Art,Art Model 133
PR-201980,Furniture,Tables,Tables Model 432
PR-201981,Office Supplies,Appliances,Appliances Model 615
PR-201982,Technology,Copiers,Copiers Model 739
PR-201983,Technology,Copiers,Copiers Model 968
PR-201984,Technology,Copiers,Copiers Model 112
PR-201985,Technology,Phones,Phones Model 627
PR-201986,Technology,Machines,Machines Model 551
PR-201987,Furniture,Bookcases,Bookcases Model 626
PR-201988,Technology,Machines,Machines Model 453
PR-201989,Technology,Copiers,Copiers Model 360
PR-201990,Furniture,Bookcases,Bookcases Model 367
PR-201991,Furniture,Furnishings,Furnishings Model 154
PR-201992,Office Supplies,Art,Art Model 939
PR-201993,Office Supplies,Binders,Binders Model 804
PR-201994,Technology,Machines,Machines Model 717
PR-201995,Office Supplies,Art,Art Model 561
PR-201996,Office Supplies,Appliances,Appliances Model 209
PR-201997,Technology,Copiers,Copiers Model 346
PR-201998,Office Supplies,Appliances,Appliances Model 226
PR-201999,Technology,Machines,Machines Model 614
